Mean,Standard deviation,Max,Min,RMS,Energy,Peak-to-peak,Zero-crossing rate,label
61.63,6.188,73.857,56.226,63.486,1416.71,17.631,0.078,RETURNING
18.478,2.431,22.771,17.466,18.188,126.69,5.304,0.031,STRAIGHT
50.092,7.593,56.362,32.264,49.264,658.654,24.098,0.121,RETURNING
31.943,5.206,43.223,24.316,31.524,311.039,18.907,0.044,STRAIGHT
81.94,10.536,99.709,71.49,82.947,2774.842,28.219,0.129,BENDING
40.96,8.807,59.694,34.575,41.723,754.361,25.119,0.094,RETURNING
65.251,8.826,82.896,54.712,64.481,1727.408,28.184,0.16,RETURNING
53.323,8.17,71.602,40.464,53.382,801.758,31.139,0.115,RETURNING
69.421,13.936,76.937,53.501,73.632,2057.607,23.436,0.133,BENDING
26.681,4.236,36.929,18.89,25.969,232.039,18.039,0.074,STRAIGHT
84.664,10.928,95.605,65.095,82.694,1904.786,30.51,0.162,BENDING
35.127,5.674,43.885,23.448,35.053,398.643,20.437,0.107,RETURNING
37.547,4.574,43.118,35.673,37.208,365.699,7.445,0.041,STRAIGHT
44.757,6.546,50.48,37.443,45.889,568.351,13.037,0.129,RETURNING
33.664,4.738,42.115,28.434,34.479,513.277,13.682,0.051,STRAIGHT
70.382,6.51,84.299,61.392,70.301,1412.437,22.906,0.133,BENDING
30.391,4.977,35.081,27.538,29.574,322.304,7.544,0.032,STRAIGHT
82.149,13.569,109.695,65.547,80.524,2092.841,44.148,0.091,BENDING
28.557,10.357,43.333,20.193,30.327,408.416,23.139,0.106,RETURNING   
22.893,5.68,33.643,14.223,24.386,168.845,19.42,0.049,STRAIGHT
51.451,10.832,60.624,30.521,51.255,894.772,30.104,0.123,RETURNING
80.343,9.347,97.849,69.986,79.423,1805.561,27.864,0.142,BENDING
45.219,9.33,51.133,19.494,45.799,480.622,31.638,0.124,RETURNING
52.466,9.905,70.447,33.768,54.892,1327.501,36.679,0.15,RETURNING
55.751,10.695,68.601,48.371,57.948,850.755,20.23,0.117,RETURNING
91.014,4.704,99.035,82.608,91.336,3450.688,16.427,0.155,BENDING
11.101,6.167,21.783,7.685,12.705,59.961,14.098,0.062,STRAIGHT
69.67,8.48,86.815,53.249,71.184,1803.918,33.566,0.093,BENDING
82.662,4.721,91.051,74.751,86.003,2304.285,16.3,0.137,BENDING
40.588,7.145,53.694,33.787,42.45,529.528,19.907,0.055,STRAIGHT
51.107,4.005,58.996,45.63,52.372,843.632,13.367,0.135,RETURNING
55.645,6.185,60.591,48.473,56.937,1188.184,12.118,0.141,RETURNING
70.326,11.921,92.364,58.038,70.738,2330.502,34.327,0.124,BENDING
59.13,5.854,64.694,53.076,59.568,1499.542,11.618,0.211,BENDING
15.836,5.367,23.37,11.886,16.902,118.109,11.484,0.069,STRAIGHT
100.835,8.64,120.835,88.481,104.346,4693.389,32.354,0.072,BENDING
85.692,9.66,102.849,78.025,89.145,2434.626,24.824,0.158,BENDING
18.631,6.885,27.598,14.492,20.641,101.936,13.106,0.066,STRAIGHT
66.714,8.412,81.204,55.47,69.298,1853.649,25.734,0.134,BENDING
17.906,4.07,21.484,10.753,17.878,136.51,10.731,0.067,STRAIGHT
25.28,7.659,32.272,13.382,26.808,318.12,18.889,0.056,STRAIGHT
55.138,6.771,63.502,43.314,57.374,976.671,20.188,0.096,RETURNING
62.992,9.572,92.288,42.365,64.345,1056.263,49.923,0.081,RETURNING
68.669,8.11,77.337,62.413,68.643,1142.83,14.924,0.165,BENDING
42.822,15.024,69.012,26.682,45.282,717.227,42.33,0.138,RETURNING
54.969,4.633,59.728,48.458,56.212,754.188,11.27,0.112,RETURNING
48.763,7.05,65.878,37.175,51.092,880.103,28.704,0.149,BENDING
90.186,5.025,99.554,83.674,92.272,3496.733,15.881,0.13,BENDING
25.709,4.733,32.498,20.889,26.406,212.543,11.609,0.06,STRAIGHT
73.084,10.277,93.497,69.595,73.804,2269.177,23.902,0.169,BENDING
54.566,4.078,61.482,48.706,53.68,1070.323,12.776,0.16,BENDING
89.192,11.452,94.178,75.798,93.038,2363.157,18.38,0.159,BENDING
43.204,9.684,68.725,26.447,45.994,963.763,42.278,0.129,RETURNING
28.402,2.989,34.521,23.897,28.571,314.718,10.624,0.061,STRAIGHT
66.783,5.748,76.593,60.998,65.36,1884.527,15.595,0.077,RETURNING
31.623,8.082,43.497,25.635,32.16,275.129,17.862,0.116,RETURNING
25.905,6.21,33.883,16.357,25.619,289.243,17.527,0.071,STRAIGHT
18.221,6.18,33.965,13.539,19.707,175.613,20.427,0.067,STRAIGHT
75.492,12.036,97.653,62.077,74.627,2180.897,35.577,0.122,BENDING
63.668,6.807,78.219,61.042,63.914,1280.693,17.178,0.091,BENDING
33.074,7.56,46.386,24.973,33.762,441.632,21.413,0.049,STRAIGHT
29.397,2.19,34.466,25.956,29.42,326.208,8.51,0.033,STRAIGHT
26.135,3.953,33.93,24.062,25.749,287.97,9.868,0.057,STRAIGHT
62.713,9.507,82.407,50.972,65.723,963.824,31.436,0.114,RETURNING
24.711,5.784,36.313,19.449,24.523,265.164,16.864,0.083,STRAIGHT
6.667,3.891,12.541,-0.387,7.867,14.823,12.927,0.08,STRAIGHT
14.549,7.032,21.473,5.601,16.767,115.432,15.872,0.078,STRAIGHT
86.789,4.843,92.513,81.471,88.552,2163.973,11.042,0.188,BENDING
77.6,6.514,85.541,71.338,80.532,1861.628,14.203,0.103,BENDING
12.737,4.317,18.128,11.017,13.277,42.044,7.111,0.095,STRAIGHT
78.677,10.736,92.716,74.256,79.534,2777.632,18.46,0.167,BENDING
19.581,4.485,27.647,15.065,20.071,103.46,12.582,0.061,STRAIGHT
44.656,9.213,59.828,31.581,45.382,674.961,28.246,0.104,RETURNING
74.32,10.314,83.559,52.162,75.94,1431.66,31.397,0.147,BENDING
96.901,11.466,112.538,81.017,96.623,3341.52,31.521,0.116,BENDING
74.521,10.595,87.408,64.812,72.864,2248.606,22.595,0.156,BENDING
80.78,12.896,105.735,63.449,83.685,2692.081,42.286,0.124,BENDING
43.499,4.186,51.706,39.45,42.465,554.391,12.256,0.082,STRAIGHT
27.341,3.0,33.568,21.657,27.46,357.649,11.911,0.075,STRAIGHT
51.898,11.976,72.055,35.376,51.518,876.247,36.679,0.122,RETURNING
28.103,3.578,34.036,23.219,29.144,285.862,10.817,0.073,STRAIGHT
9.787,5.37,23.13,4.09,10.883,35.339,19.041,0.059,STRAIGHT
53.137,9.842,75.754,42.619,54.797,866.294,33.135,0.133,RETURNING
85.92,15.749,99.662,71.458,89.816,2974.339,28.204,0.155,BENDING
79.227,6.631,85.627,68.064,77.112,1676.863,17.563,0.151,BENDING
84.997,8.521,96.402,81.632,86.883,3609.24,14.77,0.192,BENDING
54.729,8.949,69.014,44.477,55.957,700.367,24.537,0.123,RETURNING
26.628,4.384,28.879,24.013,26.498,160.466,4.866,0.056,STRAIGHT
62.566,9.897,66.588,49.435,62.472,949.666,17.153,0.152,BENDING
19.924,5.285,31.373,10.352,20.62,152.337,21.022,0.056,STRAIGHT
83.614,10.585,102.446,66.522,83.839,2947.836,35.925,0.164,BENDING
34.096,3.552,43.423,32.689,35.021,299.565,10.734,0.054,STRAIGHT
33.403,4.497,44.827,28.709,34.667,294.975,16.118,0.068,STRAIGHT
82.685,11.489,103.586,62.515,82.763,2264.039,41.071,0.142,BENDING
79.29,10.645,100.933,61.34,80.018,2104.066,39.594,0.142,BENDING
27.804,5.348,35.214,14.952,28.117,343.286,20.263,0.066,STRAIGHT
106.054,8.866,116.877,93.092,103.377,3813.901,23.785,0.165,BENDING
81.829,13.777,102.505,64.573,80.426,2371.338,37.932,0.118,BENDING
69.669,7.172,80.293,56.987,70.106,1411.652,23.306,0.162,BENDING
43.533,5.311,54.476,36.033,43.235,696.843,18.444,0.127,RETURNING
44.561,6.696,61.173,39.017,44.998,931.045,22.156,0.141,RETURNING
47.689,1.923,50.247,45.898,47.174,751.383,4.349,0.061,STRAIGHT
63.401,11.005,85.286,48.81,62.121,887.853,36.476,0.129,BENDING
73.211,8.586,82.644,70.045,75.179,2531.059,12.599,0.107,RETURNING
47.316,13.027,75.138,26.804,47.351,708.314,48.333,0.111,RETURNING
53.73,3.359,59.469,49.666,53.353,881.867,9.803,0.097,RETURNING
26.762,5.163,38.888,18.488,27.303,340.347,20.4,0.072,STRAIGHT
85.33,8.697,105.228,70.586,85.487,1784.051,34.641,0.114,BENDING
78.167,10.034,91.316,65.615,81.137,2524.826,25.701,0.117,BENDING
52.86,6.015,63.931,48.348,53.44,788.873,15.583,0.165,RETURNING
29.941,5.873,35.39,25.47,31.009,262.634,9.92,0.049,STRAIGHT
77.531,9.729,92.291,69.273,81.09,2657.371,23.018,0.098,BENDING
89.311,11.477,97.927,77.952,86.755,1665.309,19.975,0.175,BENDING
20.744,4.848,22.059,12.805,21.194,136.736,9.254,0.07,STRAIGHT
80.96,13.254,84.587,60.079,79.273,2011.067,24.507,0.134,BENDING
56.776,9.973,72.449,40.776,57.628,1524.362,31.672,0.12,RETURNING
41.096,9.578,58.108,24.294,43.838,527.191,33.814,0.157,RETURNING
46.535,3.04,51.726,40.706,47.853,586.284,11.021,0.121,RETURNING
30.541,6.255,44.82,15.286,30.101,239.452,29.534,0.082,STRAIGHT
36.419,4.232,45.969,28.452,37.727,622.345,17.517,0.057,STRAIGHT
25.857,4.118,26.032,22.337,26.284,228.55,3.695,0.058,STRAIGHT
41.548,5.024,50.877,31.773,42.958,430.806,19.103,0.086,STRAIGHT
78.671,11.488,96.214,61.632,78.988,1967.247,34.582,0.132,BENDING
30.936,7.264,43.336,17.352,31.435,255.911,25.984,0.032,STRAIGHT
95.639,10.508,107.816,76.726,94.195,2299.394,31.09,0.139,BENDING
24.559,5.152,35.898,10.732,25.592,156.325,25.167,0.087,STRAIGHT
75.719,3.836,84.108,71.094,78.796,1781.797,13.014,0.119,BENDING
96.024,12.248,121.415,76.111,98.762,4409.39,45.303,0.104,BENDING
51.763,10.45,77.11,36.484,54.632,1185.775,40.626,0.11,BENDING
25.534,5.865,40.712,10.486,25.647,234.948,30.226,0.052,STRAIGHT
87.467,6.698,98.392,79.558,84.894,3272.521,18.834,0.067,BENDING
57.044,6.252,67.348,48.783,58.893,1410.829,18.565,0.072,RETURNING
24.381,6.231,28.959,18.194,25.495,216.881,10.766,0.064,STRAIGHT
54.47,12.118,77.315,48.774,55.718,1144.357,28.542,0.127,BENDING
26.717,3.84,32.218,20.594,27.467,291.819,11.624,0.055,STRAIGHT
67.609,5.058,75.13,60.299,69.821,1933.167,14.832,0.113,BENDING
67.757,3.743,76.613,65.588,68.367,1746.967,11.024,0.094,RETURNING
32.314,1.2,34.152,31.87,31.995,238.619,2.281,0.067,STRAIGHT
63.338,13.267,85.758,49.917,63.34,992.932,35.841,0.136,RETURNING
65.78,10.307,77.378,53.631,64.51,1574.102,23.747,0.111,BENDING
29.935,6.792,41.767,21.546,30.75,343.796,20.221,0.076,STRAIGHT
33.735,9.687,47.54,22.964,36.363,575.967,24.576,0.057,STRAIGHT
47.968,9.353,61.564,39.68,49.428,831.341,21.885,0.095,RETURNING
15.103,1.55,16.517,14.064,14.752,60.708,2.453,0.054,STRAIGHT
22.581,4.207,31.404,14.33,23.202,246.107,17.074,0.059,STRAIGHT
81.933,11.753,102.169,71.988,83.567,2696.982,30.181,0.163,BENDING
74.639,15.45,102.919,61.362,75.473,1271.521,41.557,0.137,BENDING
28.75,6.526,39.836,15.77,30.59,247.929,24.066,0.076,STRAIGHT
22.666,6.963,33.993,5.917,24.565,177.508,28.076,0.083,STRAIGHT
84.637,10.747,106.03,65.246,86.12,2939.644,40.784,0.186,BENDING
55.588,10.263,69.332,43.822,54.718,1168.594,25.51,0.13,RETURNING
53.237,6.534,69.974,44.708,53.831,1104.561,25.266,0.105,RETURNING
99.388,9.359,125.927,95.646,97.388,2096.194,30.281,0.129,BENDING
35.576,4.024,43.727,28.034,36.57,604.776,15.693,0.062,STRAIGHT
90.548,7.404,105.864,86.927,94.066,4133.738,18.937,0.152,BENDING
25.756,6.417,34.79,17.56,25.788,252.504,17.231,0.039,STRAIGHT
83.997,4.963,91.143,77.815,84.096,2977.015,13.328,0.129,BENDING
13.306,6.511,30.196,0.169,15.29,104.767,30.027,0.085,STRAIGHT
68.824,10.834,88.55,59.84,70.008,1514.815,28.71,0.122,RETURNING
74.73,9.6,92.103,55.178,76.128,2060.048,36.925,0.09,RETURNING
66.435,13.799,81.687,39.028,69.029,1989.818,42.659,0.15,BENDING
56.602,10.486,83.3,42.537,58.941,1364.575,40.763,0.089,RETURNING
103.904,11.409,112.291,85.004,104.134,4999.139,27.287,0.149,BENDING
55.035,13.115,88.435,41.551,56.108,1015.127,46.884,0.175,BENDING
21.718,3.213,28.774,17.856,22.085,166.566,10.918,0.077,STRAIGHT
70.764,8.823,82.169,67.486,71.318,1743.344,14.684,0.117,BENDING
68.574,6.289,85.065,62.546,66.953,1665.294,22.519,0.106,RETURNING
65.531,11.666,85.065,55.13,66.62,2071.107,29.935,0.109,RETURNING
78.064,13.421,98.228,52.515,78.533,2753.083,45.713,0.122,BENDING
57.886,7.78,66.646,51.543,58.259,1534.309,15.103,0.151,RETURNING
71.836,10.874,83.423,44.692,71.2,1299.131,38.731,0.179,BENDING
22.212,4.963,31.447,17.215,22.863,184.618,14.233,0.072,STRAIGHT
65.9,7.9,72.557,57.003,67.884,1177.548,15.555,0.128,BENDING
49.286,7.95,66.098,41.558,49.261,705.495,24.541,0.122,RETURNING
75.125,11.096,97.375,52.012,73.468,2372.456,45.363,0.177,BENDING
75.341,12.987,85.843,62.939,74.536,1940.145,22.904,0.133,BENDING
37.008,1.562,38.697,35.976,38.173,622.734,2.72,0.086,STRAIGHT
61.543,9.238,79.428,48.861,64.32,1018.266,30.567,0.082,RETURNING
60.354,10.965,77.836,44.943,63.016,1896.784,32.893,0.118,RETURNING
50.866,7.873,63.898,37.85,50.874,1005.851,26.048,0.112,RETURNING
53.149,8.405,61.961,37.855,54.403,921.546,24.105,0.067,RETURNING
53.796,6.537,61.36,46.511,53.695,1260.89,14.849,0.078,RETURNING
19.813,2.657,23.592,14.065,20.193,127.158,9.527,0.051,STRAIGHT
75.178,17.375,95.823,40.498,77.752,1517.047,55.326,0.087,BENDING
62.195,10.9,77.653,42.324,60.844,1654.973,35.329,0.084,RETURNING
30.74,4.291,38.329,28.636,31.279,325.791,9.693,0.075,STRAIGHT
81.979,12.25,97.7,60.712,86.077,3053.772,36.988,0.167,BENDING
71.496,7.918,93.283,68.413,71.652,1747.261,24.869,0.169,BENDING
57.767,7.389,68.433,48.766,57.64,770.367,19.667,0.098,RETURNING
83.586,6.967,92.667,69.287,84.465,2000.929,23.38,0.152,BENDING
52.945,8.027,63.813,42.736,54.899,914.483,21.077,0.107,RETURNING
68.57,8.451,86.363,52.934,68.616,1678.819,33.429,0.157,BENDING
70.277,9.221,90.79,53.818,71.202,2342.168,36.972,0.143,BENDING
69.261,3.211,72.069,64.64,67.765,1338.075,7.429,0.099,RETURNING
71.594,10.022,79.837,61.248,72.58,1609.631,18.589,0.165,BENDING
59.511,10.897,71.294,41.662,58.695,889.175,29.631,0.195,BENDING
41.471,2.004,43.778,36.367,43.096,507.113,7.411,0.05,STRAIGHT
56.933,7.731,71.146,44.739,59.74,1136.941,26.406,0.106,RETURNING
91.153,11.741,106.431,71.593,93.409,2257.97,34.838,0.121,BENDING
87.434,12.928,120.511,71.631,90.891,1891.491,48.88,0.115,BENDING
67.754,7.847,79.495,57.057,65.806,1616.735,22.438,0.126,RETURNING
44.166,15.649,58.963,32.32,45.76,767.281,26.643,0.112,RETURNING
32.006,1.682,33.781,30.389,31.395,219.71,3.392,0.031,STRAIGHT
62.134,8.388,78.389,54.715,62.287,1180.776,23.674,0.163,BENDING
91.69,9.994,111.747,77.181,89.635,3675.599,34.567,0.13,BENDING
68.189,11.265,82.857,54.075,71.711,1266.067,28.783,0.169,BENDING
78.943,7.412,89.051,66.312,79.759,1702.735,22.739,0.124,BENDING
25.138,5.074,33.825,15.643,26.3,269.775,18.182,0.058,STRAIGHT
100.655,9.997,119.793,98.831,97.91,3620.017,20.962,0.195,BENDING
20.862,6.642,33.047,14.625,22.087,207.632,18.422,0.055,STRAIGHT
34.29,6.441,40.021,25.025,35.323,342.643,14.996,0.078,STRAIGHT
36.247,6.901,36.636,29.881,37.624,342.511,6.754,0.059,STRAIGHT
68.991,14.928,94.588,40.142,69.419,2174.393,54.446,0.147,BENDING
68.0,9.056,89.749,52.94,66.359,1342.215,36.809,0.103,RETURNING
26.839,2.68,32.248,24.72,26.198,198.634,7.529,0.159,RETURNING
39.309,7.931,49.289,27.791,39.312,432.448,21.498,0.145,RETURNING
69.821,16.094,107.108,49.159,72.428,1672.005,57.949,0.122,BENDING
79.429,10.954,97.229,69.485,82.867,1954.701,27.745,0.137,BENDING
67.452,7.511,74.266,56.714,67.845,1751.466,17.552,0.115,RETURNING
97.032,10.666,119.265,75.787,95.621,4110.228,43.478,0.212,BENDING
72.175,7.701,96.036,66.824,72.286,1171.632,29.213,0.177,BENDING
32.814,8.539,45.971,28.322,33.466,424.298,17.649,0.081,STRAIGHT
26.107,6.331,35.529,10.406,27.468,315.255,25.122,0.08,STRAIGHT
46.333,6.423,58.71,34.589,48.179,1063.502,24.122,0.059,RETURNING
63.295,14.504,81.319,41.526,64.366,1189.021,39.793,0.124,BENDING
59.357,4.604,67.939,55.308,60.207,1434.599,12.631,0.079,RETURNING
82.286,13.275,105.961,61.797,81.717,2703.806,44.163,0.138,BENDING
36.818,4.786,43.54,32.726,36.446,386.462,10.815,0.072,STRAIGHT
31.66,6.6,46.824,18.382,31.546,359.109,28.442,0.064,STRAIGHT
72.586,6.585,81.906,65.48,70.542,1150.333,16.426,0.175,BENDING
80.391,17.415,106.966,56.266,81.443,1982.388,50.7,0.153,BENDING
42.537,3.478,48.884,36.521,43.482,765.801,12.363,0.084,STRAIGHT
43.428,7.978,50.965,39.939,42.826,492.255,11.025,0.082,RETURNING
29.606,4.06,38.308,25.284,31.036,453.431,13.024,0.067,STRAIGHT
61.694,11.095,86.797,50.96,61.122,896.343,35.837,0.082,RETURNING
65.285,6.359,78.351,50.617,66.528,1019.949,27.733,0.13,RETURNING
35.369,4.873,45.869,28.925,35.009,426.278,16.944,0.053,STRAIGHT
54.351,11.039,78.28,31.082,53.878,856.236,47.198,0.093,RETURNING
76.161,7.528,90.465,71.075,75.847,2095.745,19.389,0.156,BENDING
80.912,11.67,103.642,65.99,84.474,2774.723,37.652,0.16,BENDING
45.303,8.13,56.555,37.27,44.537,617.756,19.286,0.137,RETURNING
57.374,12.93,102.877,41.788,56.522,935.907,61.089,0.1,RETURNING
82.468,12.507,117.062,66.921,81.002,2821.612,50.141,0.113,BENDING
30.929,4.759,36.802,26.19,30.322,326.182,10.612,0.043,STRAIGHT
23.112,4.907,33.088,15.392,23.354,165.662,17.696,0.07,STRAIGHT
43.239,6.451,49.606,37.813,43.915,597.523,11.793,0.134,RETURNING
28.275,6.398,42.466,25.592,28.459,281.144,16.874,0.071,STRAIGHT
21.091,2.304,25.787,18.916,20.44,100.534,6.871,0.05,STRAIGHT
69.321,8.928,76.881,63.795,68.154,1943.833,13.086,0.105,BENDING
27.189,6.905,38.073,22.707,28.524,327.939,15.366,0.056,STRAIGHT
36.144,4.449,44.853,27.904,36.897,311.4,16.948,0.07,STRAIGHT
62.209,6.629,73.234,53.454,62.166,940.817,19.779,0.135,RETURNING
31.264,2.63,39.259,26.257,31.342,462.907,13.002,0.066,STRAIGHT
58.062,4.468,64.07,51.684,57.391,943.803,12.386,0.158,BENDING
60.567,8.653,69.695,42.785,63.303,1857.765,26.91,0.156,BENDING
62.973,9.853,72.916,45.685,61.709,922.466,27.231,0.116,RETURNING
54.582,9.213,65.58,41.054,55.816,1371.391,24.526,0.115,RETURNING
91.793,9.866,114.283,85.899,90.659,1864.191,28.385,0.121,BENDING
97.732,7.37,110.736,89.394,96.381,3301.414,21.343,0.188,BENDING
24.567,5.711,34.143,24.14,25.569,279.049,10.002,0.081,STRAIGHT
74.085,9.468,79.291,63.563,71.931,1580.828,15.729,0.077,BENDING
44.337,7.001,59.466,29.133,45.486,626.264,30.334,0.091,RETURNING
90.109,5.923,98.736,79.23,91.706,3265.79,19.505,0.148,BENDING
72.063,11.662,96.229,60.302,71.033,1775.524,35.927,0.127,BENDING
53.515,9.376,74.739,31.662,53.404,1269.775,43.077,0.123,RETURNING
83.816,12.112,101.18,74.18,87.698,2570.394,27.0,0.135,BENDING
79.659,13.262,100.918,56.694,82.309,3123.147,44.224,0.163,BENDING
58.725,9.061,78.362,46.196,61.009,1325.423,32.165,0.158,BENDING
78.77,7.978,92.424,69.44,79.211,1544.803,22.984,0.128,BENDING
78.674,9.156,96.92,67.902,77.508,2290.092,29.019,0.13,BENDING
87.169,15.063,99.506,61.697,89.586,2605.79,37.809,0.145,BENDING
84.472,7.249,98.623,74.813,86.963,2769.874,23.81,0.13,BENDING
45.554,8.136,54.408,37.111,45.617,461.639,17.297,0.072,BENDING
29.509,3.329,32.608,24.372,30.596,287.888,8.235,0.07,STRAIGHT
28.873,4.541,32.568,26.458,29.366,189.946,6.11,0.056,STRAIGHT
85.503,9.162,99.55,78.012,82.693,2912.226,21.537,0.196,BENDING
69.973,9.78,86.461,55.176,72.309,1992.774,31.285,0.125,BENDING
20.484,1.892,22.512,18.777,20.657,139.314,3.735,0.051,STRAIGHT
49.398,3.354,55.903,45.866,49.766,829.582,10.037,0.136,RETURNING
36.843,4.881,50.035,28.766,36.299,460.602,21.269,0.071,RETURNING
77.516,3.414,83.586,76.53,79.555,2572.31,7.056,0.142,BENDING
79.382,12.833,110.657,61.822,77.2,2310.426,48.835,0.172,BENDING
66.259,18.443,101.827,38.822,67.557,2142.107,63.005,0.164,BENDING
58.739,14.21,83.811,42.688,60.963,983.989,41.123,0.12,BENDING
28.701,4.489,41.67,18.546,28.773,291.051,23.125,0.059,STRAIGHT
35.742,4.408,45.824,30.94,34.713,270.26,14.883,0.041,STRAIGHT
86.45,15.823,127.226,60.175,88.534,2039.189,67.051,0.112,BENDING
75.267,12.317,85.766,58.628,75.231,1938.142,27.138,0.155,BENDING
42.447,7.452,61.471,39.824,43.28,579.646,21.647,0.06,STRAIGHT
91.146,11.651,115.223,83.626,92.79,3045.54,31.597,0.174,BENDING
52.184,6.753,67.613,40.403,53.933,1290.894,27.21,0.137,RETURNING
86.795,10.797,103.612,72.276,86.114,2490.822,31.336,0.132,BENDING
54.415,11.602,81.123,39.574,53.74,1210.343,41.549,0.125,RETURNING
75.078,13.966,88.844,52.481,75.696,1981.961,36.363,0.135,BENDING
56.477,9.365,75.267,49.157,55.356,709.512,26.11,0.137,RETURNING
55.568,7.239,67.613,44.541,56.043,870.659,23.071,0.092,RETURNING
52.403,7.219,60.689,48.742,51.738,1045.486,11.947,0.077,RETURNING
36.596,7.72,48.855,20.535,36.999,358.025,28.32,0.122,RETURNING
38.643,10.344,61.584,26.928,41.077,664.458,34.656,0.119,RETURNING
26.922,5.728,34.429,20.238,26.658,334.663,14.191,0.054,STRAIGHT
57.684,6.143,71.939,53.337,56.696,1379.561,18.602,0.104,RETURNING
75.461,11.229,88.984,57.6,73.557,2253.672,31.383,0.102,BENDING
26.811,7.486,42.76,10.803,27.191,222.106,31.957,0.078,STRAIGHT
33.08,6.413,43.703,23.578,32.502,290.824,20.125,0.07,STRAIGHT
53.861,9.394,73.466,47.931,53.411,722.964,25.535,0.108,RETURNING
30.163,8.658,45.938,23.339,30.994,408.822,22.599,0.064,STRAIGHT
94.168,15.403,116.873,70.693,97.235,2500.383,46.18,0.123,BENDING
15.575,7.513,39.246,2.171,17.918,121.986,37.075,0.066,STRAIGHT
87.673,5.057,98.656,77.388,89.589,2649.703,21.268,0.117,BENDING
71.047,8.61,90.135,67.83,72.622,1243.671,22.305,0.15,BENDING
26.141,5.591,32.682,20.627,27.519,315.916,12.055,0.095,STRAIGHT
28.324,3.333,35.252,21.946,29.208,395.009,13.305,0.055,STRAIGHT
76.473,9.486,91.098,70.263,79.03,2672.132,20.835,0.1,BENDING
59.33,14.994,78.996,40.514,63.187,1473.752,38.481,0.183,BENDING
73.283,14.102,109.353,54.586,76.394,1953.41,54.767,0.162,BENDING
85.479,11.044,116.946,72.408,87.686,2191.677,44.538,0.14,BENDING
82.829,8.712,96.756,70.133,82.958,2858.385,26.623,0.107,BENDING
15.859,5.246,26.436,7.759,16.257,126.046,18.677,0.045,STRAIGHT
101.682,6.858,110.515,90.672,102.016,3201.424,19.843,0.157,BENDING
53.368,6.879,66.168,48.037,55.177,1297.07,18.131,0.176,RETURNING
65.502,9.796,70.76,53.186,64.031,1793.295,17.573,0.09,RETURNING
23.105,4.702,27.638,19.49,22.877,162.627,8.148,0.054,STRAIGHT
68.626,11.567,87.05,54.931,69.941,1906.804,32.119,0.132,BENDING
31.293,6.203,42.138,23.686,31.153,292.342,18.452,0.077,STRAIGHT
56.449,9.138,72.238,43.286,59.177,1497.175,28.951,0.133,RETURNING
27.295,7.497,42.883,16.693,28.057,260.741,26.19,0.054,STRAIGHT
59.014,15.113,85.35,42.198,61.105,851.614,43.151,0.149,RETURNING
23.289,4.147,28.454,21.19,23.891,196.195,7.264,0.107,STRAIGHT
25.433,2.0,27.961,21.934,25.891,154.432,6.027,0.056,STRAIGHT
75.865,12.273,93.071,61.305,77.516,2820.272,31.767,0.134,BENDING
39.281,8.993,52.173,35.625,40.053,468.754,16.548,0.125,RETURNING
77.219,13.509,103.801,53.411,78.001,2455.677,50.39,0.127,BENDING
18.593,5.757,32.145,9.537,20.163,123.701,22.608,0.072,STRAIGHT
51.288,3.286,53.222,46.401,50.175,626.859,6.821,0.156,RETURNING
63.412,9.012,88.363,51.505,61.59,1247.356,36.859,0.186,BENDING
25.376,6.3,35.439,21.839,27.165,325.32,13.6,0.078,STRAIGHT
77.401,9.043,91.577,69.031,78.072,2806.253,22.546,0.061,BENDING
43.682,8.398,59.991,33.18,43.213,804.232,26.811,0.097,RETURNING
75.054,13.446,97.406,62.495,76.536,2537.389,34.911,0.131,BENDING
61.588,11.08,79.023,47.537,61.6,1346.554,31.486,0.131,RETURNING
80.772,10.706,92.757,72.878,80.475,2978.818,19.88,0.117,BENDING
66.311,8.705,80.388,52.479,69.073,1708.873,27.909,0.075,RETURNING
51.121,8.74,66.43,31.672,51.21,1019.518,34.758,0.178,RETURNING
34.065,3.54,38.507,28.416,34.545,317.705,10.091,0.066,STRAIGHT
33.278,5.127,40.739,26.587,33.47,525.788,14.152,0.128,RETURNING
40.162,12.107,52.808,34.81,43.447,467.312,17.998,0.118,RETURNING
57.629,8.044,68.938,51.3,57.465,804.073,17.638,0.12,RETURNING
64.522,10.959,85.1,57.409,65.56,1165.729,27.692,0.15,BENDING
36.65,3.64,40.696,31.817,37.278,337.281,8.879,0.054,STRAIGHT
63.414,5.759,69.555,62.665,62.249,1322.746,6.89,0.099,BENDING
40.536,3.854,48.574,34.907,40.144,454.151,13.667,0.062,STRAIGHT
58.581,17.339,77.156,49.867,62.15,1208.406,27.289,0.181,BENDING
44.957,4.144,46.44,42.306,43.892,504.776,4.134,0.055,STRAIGHT
29.55,5.711,38.176,21.202,30.253,331.828,16.973,0.065,STRAIGHT
34.219,6.422,39.61,30.435,33.962,348.179,9.175,0.076,STRAIGHT
30.459,6.979,43.196,20.004,31.198,443.21,23.193,0.066,STRAIGHT
66.805,8.288,76.728,57.291,66.311,1935.545,19.436,0.109,RETURNING
65.079,3.075,70.233,61.167,67.365,1565.382,9.066,0.108,RETURNING
25.146,5.047,31.424,23.639,25.994,244.78,7.785,0.053,STRAIGHT
37.167,7.412,47.744,25.614,37.581,604.495,22.129,0.05,STRAIGHT
41.556,6.455,46.473,36.504,43.027,542.699,9.969,0.153,RETURNING
69.98,10.888,86.832,54.123,70.367,1314.385,32.709,0.15,BENDING
74.932,8.927,85.792,69.432,75.165,1785.663,16.36,0.153,BENDING
92.36,7.276,100.214,81.87,92.937,3285.832,18.344,0.158,BENDING
23.248,6.821,32.186,15.219,23.621,154.555,16.966,0.078,STRAIGHT
29.913,9.03,43.598,11.719,30.734,369.595,31.879,0.052,STRAIGHT
63.663,8.904,82.47,50.946,65.454,1962.135,31.524,0.107,RETURNING
38.561,6.742,50.043,30.879,39.985,463.083,19.164,0.045,STRAIGHT
59.49,7.338,69.13,53.491,61.371,1697.255,15.639,0.146,BENDING
39.757,6.846,53.839,28.847,41.305,778.402,24.992,0.165,RETURNING
51.824,6.267,62.825,44.221,50.199,883.96,18.603,0.074,RETURNING
66.448,9.552,79.442,54.82,64.626,1334.732,24.622,0.167,BENDING
76.809,11.197,99.688,65.285,77.098,1694.037,34.403,0.128,BENDING
88.39,12.14,108.312,69.034,92.13,2024.209,39.278,0.12,BENDING
70.459,10.544,83.171,54.562,70.653,1927.236,28.609,0.074,BENDING
75.365,9.528,99.657,63.742,78.773,2505.488,35.915,0.062,BENDING
47.191,7.011,63.769,39.864,49.563,958.127,23.904,0.101,RETURNING
35.183,4.964,38.511,30.761,36.722,579.566,7.75,0.099,STRAIGHT
78.739,7.704,94.387,73.289,80.531,2358.121,21.099,0.165,BENDING
56.363,7.451,69.793,44.572,55.375,756.215,25.221,0.101,RETURNING
33.43,1.2,36.528,31.104,34.124,313.716,5.423,0.073,STRAIGHT
45.572,9.368,58.076,37.182,46.337,535.708,20.894,0.092,RETURNING
44.664,6.386,51.689,34.023,45.785,560.214,17.666,0.108,RETURNING
35.07,4.452,40.029,29.759,35.644,337.794,10.27,0.07,STRAIGHT
77.144,6.842,94.452,70.334,79.138,1487.2,24.118,0.149,BENDING
50.539,16.635,75.02,26.542,54.603,1025.133,48.478,0.112,RETURNING
71.944,7.71,83.219,68.603,70.595,2133.272,14.616,0.089,RETURNING
45.148,6.601,61.669,35.375,44.06,442.474,26.294,0.077,RETURNING
62.065,11.6,80.214,54.789,62.044,1664.534,25.426,0.109,BENDING
51.059,9.259,70.172,34.108,52.958,1344.92,36.064,0.088,RETURNING
22.777,3.072,28.755,19.567,22.808,230.317,9.188,0.053,STRAIGHT
92.454,10.238,124.329,86.399,90.264,3691.819,37.93,0.152,BENDING
25.427,3.69,33.922,16.714,24.839,146.205,17.207,0.05,STRAIGHT
36.943,3.482,39.437,31.922,37.372,500.819,7.515,0.053,STRAIGHT
54.13,11.622,83.577,26.702,53.203,715.179,56.875,0.167,BENDING
35.855,4.382,44.094,30.084,36.983,392.859,14.01,0.063,STRAIGHT
65.798,11.024,95.909,48.836,66.165,1901.315,47.074,0.124,RETURNING
117.252,6.423,129.785,111.117,113.283,5297.205,18.668,0.12,BENDING
34.334,7.092,42.302,22.615,34.987,536.707,19.687,0.074,STRAIGHT
29.43,5.407,40.701,22.614,29.031,212.723,18.087,0.048,STRAIGHT
67.818,6.854,80.383,61.485,70.22,1750.904,18.899,0.155,BENDING
45.727,11.664,62.523,32.125,48.673,947.15,30.398,0.09,RETURNING
61.811,3.656,71.342,55.014,62.126,1510.904,16.328,0.138,RETURNING
72.399,12.603,90.213,60.244,73.087,1569.632,29.969,0.175,BENDING
50.159,4.822,59.498,46.501,51.291,712.327,12.997,0.1,RETURNING
59.662,7.401,67.988,51.44,59.983,1579.213,16.548,0.13,RETURNING
72.435,8.769,83.585,53.615,71.219,2118.501,29.97,0.152,BENDING
47.581,4.065,57.618,44.056,48.735,619.475,13.562,0.103,RETURNING
70.086,15.033,91.643,51.958,71.499,1916.204,39.685,0.122,BENDING
52.102,8.001,75.744,40.663,50.825,1066.98,35.081,0.118,RETURNING
28.265,5.078,36.811,21.039,28.742,247.247,15.772,0.057,STRAIGHT
21.366,10.443,39.746,11.528,23.186,137.569,28.218,0.051,STRAIGHT
72.69,13.135,99.5,52.515,73.111,1976.226,46.985,0.104,BENDING
67.286,10.554,79.813,50.519,65.607,1299.098,29.294,0.111,RETURNING
75.002,3.884,81.416,67.774,75.038,2050.86,13.642,0.151,BENDING
67.275,3.234,73.781,62.412,67.503,1398.504,11.369,0.143,BENDING
60.426,6.918,75.69,54.029,60.406,1113.13,21.661,0.199,BENDING
55.525,8.847,67.4,45.658,58.438,960.367,21.741,0.121,RETURNING
75.85,9.588,83.206,59.856,77.399,2153.284,23.35,0.193,BENDING
60.757,2.493,64.797,59.402,62.22,1094.777,5.395,0.159,RETURNING
30.188,5.855,42.678,24.602,30.833,338.895,18.075,0.074,STRAIGHT
58.452,14.791,94.965,37.875,60.193,1262.37,57.09,0.105,BENDING
81.004,10.198,92.135,70.114,81.384,1682.132,22.021,0.126,BENDING
69.773,14.641,105.82,51.342,71.8,1825.412,54.478,0.138,BENDING
16.117,7.571,32.378,6.786,17.519,128.428,25.592,0.052,STRAIGHT
64.36,8.779,86.437,51.337,66.168,1598.289,35.1,0.074,RETURNING
69.652,6.988,82.248,58.025,68.977,1855.731,24.223,0.095,BENDING
51.468,3.862,58.909,45.427,51.06,606.562,13.481,0.099,RETURNING
87.817,5.807,98.849,83.062,91.388,2385.154,15.787,0.109,BENDING
53.013,5.306,62.094,44.99,54.027,832.177,17.104,0.091,RETURNING
49.531,4.639,59.06,42.558,51.699,756.609,16.502,0.103,RETURNING
46.242,8.53,60.471,33.525,45.282,746.306,26.946,0.135,RETURNING
31.769,4.978,47.481,26.082,33.054,294.523,21.4,0.054,STRAIGHT
69.856,10.217,90.368,60.039,72.241,2301.265,30.328,0.129,RETURNING
82.672,10.647,103.525,69.054,84.313,3196.947,34.472,0.121,BENDING
98.325,6.849,108.652,87.957,102.333,3487.165,20.695,0.118,BENDING
66.362,10.97,81.862,59.632,69.881,1901.792,22.23,0.125,BENDING
17.584,6.954,32.731,13.09,19.625,171.257,19.641,0.076,STRAIGHT
41.92,5.707,50.723,32.772,41.074,612.12,17.951,0.091,RETURNING
28.639,6.718,39.417,17.187,30.357,228.921,22.23,0.049,STRAIGHT
55.184,7.655,72.971,44.945,54.936,876.825,28.026,0.115,RETURNING
69.55,14.294,96.339,44.473,69.419,1311.588,51.866,0.14,BENDING
55.663,5.714,61.583,47.377,57.829,922.722,14.206,0.117,RETURNING
55.766,7.1,67.926,44.532,54.528,976.269,23.394,0.177,BENDING
79.64,7.543,89.396,66.082,81.187,3020.659,23.314,0.193,BENDING
68.236,8.899,87.591,54.609,67.935,2065.152,32.982,0.102,RETURNING
58.441,6.165,68.08,49.446,59.518,910.387,18.635,0.033,RETURNING
29.252,6.156,39.338,19.877,30.46,444.606,19.461,0.045,STRAIGHT
81.736,11.313,103.43,61.121,82.328,1922.136,42.308,0.126,BENDING
33.327,4.364,41.136,25.905,33.553,401.331,15.231,0.072,STRAIGHT
84.071,14.505,104.739,77.592,83.927,1707.933,27.148,0.147,BENDING
49.073,9.893,63.756,31.915,50.328,684.869,31.841,0.157,RETURNING
59.426,8.11,75.926,49.102,60.184,1048.611,26.824,0.084,RETURNING
93.565,6.579,105.135,86.433,94.585,2921.935,18.702,0.12,BENDING
71.39,14.977,87.84,69.8,74.379,2197.807,18.04,0.107,BENDING
77.497,10.202,106.101,59.918,79.911,1879.599,46.184,0.164,BENDING
45.017,5.417,49.139,42.742,43.93,523.258,6.397,0.118,RETURNING
19.604,1.2,21.304,18.671,19.508,181.616,2.634,0.056,STRAIGHT
60.809,7.953,70.343,50.639,61.363,1257.595,19.703,0.114,RETURNING
26.346,3.3,32.801,20.42,26.858,233.221,12.381,0.064,STRAIGHT
21.927,5.127,27.736,16.854,21.765,138.171,10.882,0.074,STRAIGHT
69.664,17.562,113.264,39.056,74.527,2475.484,74.208,0.116,BENDING
26.393,6.885,38.722,15.521,26.783,336.001,23.202,0.12,RETURNING
87.587,7.181,106.75,82.184,89.695,2683.712,24.566,0.121,BENDING
23.456,3.724,26.434,21.004,23.576,208.23,5.43,0.082,STRAIGHT
30.052,5.478,38.966,24.966,31.623,331.3,14.0,0.064,STRAIGHT
35.554,5.014,42.605,27.047,36.522,388.698,15.557,0.076,STRAIGHT
57.753,9.055,68.764,47.56,58.057,1431.061,21.205,0.096,RETURNING
91.313,7.351,111.028,83.901,90.379,3552.431,27.127,0.149,BENDING
29.084,1.2,31.087,28.067,28.934,244.015,3.02,0.082,STRAIGHT
25.749,3.096,30.406,21.221,25.181,267.331,9.185,0.099,STRAIGHT
12.315,4.301,17.611,6.732,13.514,62.162,10.879,0.064,STRAIGHT
74.752,9.664,90.726,62.695,73.996,2308.146,28.032,0.163,BENDING
63.237,6.848,78.438,60.321,64.295,1375.296,18.117,0.097,BENDING
99.419,8.173,117.504,88.106,97.535,3775.89,29.398,0.145,BENDING
112.29,10.903,138.713,89.358,111.376,5502.247,49.355,0.172,BENDING
17.513,7.882,18.379,6.479,18.868,119.239,11.9,0.061,STRAIGHT
33.005,3.47,38.755,30.76,34.219,498.852,7.995,0.083,STRAIGHT
22.049,5.564,26.31,14.627,22.871,234.682,11.684,0.095,STRAIGHT
32.055,1.894,36.107,31.571,31.822,470.564,4.536,0.052,STRAIGHT
30.451,6.523,39.873,23.431,30.867,249.487,16.442,0.073,STRAIGHT
77.828,12.922,89.496,64.014,78.799,2523.005,25.482,0.123,BENDING
27.539,5.121,36.191,21.872,28.305,208.283,14.319,0.03,STRAIGHT
100.571,9.558,108.916,85.37,97.414,3556.237,23.546,0.184,BENDING
70.97,12.274,88.503,59.005,72.92,2125.325,29.498,0.083,BENDING
18.79,1.495,20.604,17.66,18.453,150.928,2.944,0.035,STRAIGHT
20.874,7.161,33.853,10.12,22.044,137.697,23.733,0.048,STRAIGHT
77.481,12.605,103.678,55.409,79.261,2405.708,48.27,0.13,BENDING
26.592,8.667,40.105,22.96,27.89,213.255,17.145,0.055,STRAIGHT
24.297,4.598,33.756,21.988,24.057,173.542,11.767,0.052,STRAIGHT
52.865,5.751,70.074,46.345,51.079,1153.962,23.729,0.115,RETURNING
18.537,2.842,22.611,16.322,18.711,109.168,6.288,0.073,STRAIGHT
20.308,4.026,25.633,14.527,19.947,133.012,11.107,0.06,STRAIGHT
80.713,14.778,116.293,62.771,82.263,1848.364,53.522,0.107,BENDING
43.664,5.863,55.793,36.307,44.411,658.249,19.486,0.099,RETURNING
13.424,5.127,22.703,6.693,14.496,69.985,16.01,0.077,STRAIGHT
21.265,4.077,26.299,16.159,20.867,155.208,10.14,0.049,STRAIGHT
36.378,5.184,45.031,34.12,37.518,397.786,10.911,0.06,STRAIGHT
87.935,10.561,96.922,81.15,86.652,3273.452,15.772,0.15,BENDING
38.47,6.902,46.429,27.138,37.897,620.964,19.291,0.059,STRAIGHT
45.317,8.642,63.637,41.303,44.911,528.27,22.333,0.097,RETURNING
49.356,6.108,66.663,41.908,49.165,705.405,24.755,0.109,RETURNING
60.442,10.825,78.341,50.861,63.783,1131.232,27.48,0.162,RETURNING
28.561,1.2,29.95,26.635,28.772,271.807,3.314,0.069,STRAIGHT
24.583,3.831,30.154,19.362,25.75,195.956,10.792,0.07,STRAIGHT
50.219,4.466,50.472,42.204,50.641,1023.872,8.268,0.114,RETURNING
84.74,13.38,112.196,72.112,82.515,2585.559,40.084,0.197,BENDING
37.612,9.049,54.492,24.085,39.727,417.697,30.407,0.071,RETURNING
27.539,3.985,35.339,23.708,28.052,329.984,11.631,0.077,STRAIGHT
78.597,7.322,89.728,70.023,79.28,2285.739,19.705,0.147,BENDING
58.912,5.045,65.021,51.282,58.18,898.862,13.74,0.102,BENDING
37.885,12.186,55.536,19.901,38.928,665.452,35.635,0.08,RETURNING
88.601,7.67,99.796,74.437,91.315,3776.789,25.359,0.061,BENDING
76.551,9.49,81.943,60.301,76.976,1638.379,21.642,0.178,BENDING
77.367,13.042,105.118,70.007,77.215,2848.165,35.111,0.106,BENDING
78.066,7.527,82.696,66.866,77.59,2492.566,15.83,0.167,BENDING
65.408,9.991,84.906,47.327,64.444,966.016,37.579,0.118,BENDING
52.312,7.955,63.975,43.055,52.426,606.961,20.921,0.084,RETURNING
87.622,7.071,98.389,79.201,90.684,3033.225,19.188,0.167,BENDING
45.23,11.05,63.691,33.507,48.327,782.834,30.184,0.141,RETURNING
52.39,9.039,72.354,40.324,51.762,909.313,32.03,0.094,RETURNING
79.197,9.338,102.38,63.742,77.022,2001.056,38.639,0.097,BENDING
102.364,10.914,112.142,85.558,101.916,2387.379,26.584,0.132,BENDING
35.53,9.161,45.486,27.958,35.527,435.352,17.528,0.081,STRAIGHT
76.374,10.11,98.959,67.359,78.89,2850.537,31.6,0.158,BENDING
75.744,9.295,95.981,63.611,73.917,1823.687,32.37,0.164,BENDING
50.001,6.231,61.233,39.864,50.23,983.476,21.369,0.108,RETURNING
46.895,11.704,76.436,28.872,46.641,624.574,47.564,0.087,RETURNING
52.119,8.033,63.174,47.168,52.425,743.276,16.007,0.122,RETURNING
71.024,11.407,71.273,57.234,69.343,1467.782,14.038,0.09,BENDING
28.789,7.853,42.15,21.566,30.617,415.766,20.584,0.064,STRAIGHT
52.466,11.386,65.84,33.899,54.681,1402.254,31.941,0.094,RETURNING
52.593,9.84,78.864,47.084,54.725,1090.899,31.781,0.119,BENDING
14.774,3.021,23.955,9.312,15.283,97.682,14.643,0.059,STRAIGHT
66.522,16.179,114.564,47.016,68.757,1793.98,67.549,0.12,BENDING
69.971,9.76,104.111,57.577,68.863,1390.651,46.534,0.158,BENDING
27.989,5.198,37.158,23.947,27.42,344.853,13.211,0.074,STRAIGHT
94.951,12.811,107.723,77.84,92.295,2195.767,29.883,0.148,BENDING
72.26,7.193,77.362,67.183,74.161,2271.843,10.179,0.11,BENDING
48.061,4.66,58.053,41.118,48.927,1042.888,16.935,0.123,RETURNING
44.86,6.043,58.339,33.389,44.534,472.12,24.951,0.061,RETURNING
37.477,5.706,48.502,27.176,38.676,584.909,21.326,0.071,STRAIGHT
48.883,10.17,62.866,43.729,49.385,1055.933,19.138,0.104,RETURNING
43.174,8.84,57.217,34.937,45.663,690.668,22.28,0.13,RETURNING
87.867,13.165,135.849,69.827,89.539,3119.171,66.022,0.114,BENDING
27.321,7.567,46.897,11.015,27.712,308.065,35.883,0.072,STRAIGHT
63.103,5.538,74.255,55.242,61.779,1291.68,19.013,0.156,BENDING
66.184,9.685,71.007,60.892,66.534,1447.697,10.115,0.166,BENDING
63.083,6.452,71.492,52.792,61.897,1225.58,18.7,0.098,RETURNING
24.919,8.556,41.429,20.324,25.771,287.375,21.105,0.069,STRAIGHT
30.655,3.299,38.1,27.629,30.755,215.781,10.47,0.052,STRAIGHT
82.067,17.282,126.606,58.715,85.782,1630.549,67.891,0.159,BENDING
82.768,7.701,100.426,75.874,83.797,2197.17,24.552,0.194,BENDING
53.346,7.222,68.713,39.079,55.254,833.741,29.634,0.122,RETURNING
75.873,9.921,97.256,57.656,77.98,2856.428,39.6,0.148,BENDING
86.336,5.42,92.817,81.065,83.086,2549.827,11.753,0.201,BENDING
68.229,11.58,90.607,49.94,70.012,1322.972,40.668,0.191,BENDING
35.717,3.092,42.629,30.468,34.575,514.684,12.161,0.068,STRAIGHT
29.403,5.218,38.023,27.885,28.819,386.656,10.137,0.087,STRAIGHT
31.529,4.946,40.817,26.496,32.102,494.345,14.321,0.062,STRAIGHT
77.942,12.604,98.934,73.757,81.561,2986.387,25.176,0.125,BENDING
79.651,15.771,109.222,61.704,79.49,1921.45,47.519,0.194,BENDING
52.053,12.455,75.521,31.19,52.473,728.316,44.331,0.112,RETURNING
34.282,4.976,41.993,28.6,35.433,469.297,13.393,0.055,STRAIGHT
23.32,5.683,36.888,11.592,24.926,165.127,25.296,0.051,STRAIGHT
26.127,7.888,31.875,21.484,27.671,224.531,10.391,0.074,STRAIGHT
56.374,10.939,82.771,51.797,57.512,1025.897,30.974,0.077,RETURNING
78.059,10.709,86.079,57.95,75.646,2689.875,28.129,0.155,BENDING
87.327,13.862,118.603,73.015,91.756,3213.011,45.588,0.158,BENDING
34.71,4.534,44.983,31.56,34.097,455.92,13.423,0.064,STRAIGHT
86.586,8.12,100.873,78.81,89.954,2545.663,22.063,0.095,BENDING
55.153,5.284,61.16,45.593,53.882,785.234,15.567,0.108,RETURNING
30.262,5.871,35.558,22.647,30.397,234.071,12.911,0.082,STRAIGHT
44.923,3.994,54.819,39.798,44.683,607.623,15.021,0.088,RETURNING
69.578,5.426,80.658,64.492,69.73,1845.576,16.166,0.126,RETURNING
34.295,6.005,40.672,26.972,35.188,567.068,13.7,0.072,STRAIGHT
60.068,11.692,86.43,42.695,63.14,1820.74,43.736,0.122,RETURNING
25.295,5.485,31.717,21.075,26.315,160.834,10.642,0.05,STRAIGHT
58.706,6.668,75.711,49.983,58.802,1511.928,25.729,0.158,RETURNING
69.553,7.042,80.45,62.941,70.55,1108.456,17.509,0.124,BENDING
33.486,5.634,45.059,27.854,33.743,303.711,17.205,0.058,STRAIGHT
12.422,3.037,17.72,9.602,13.005,39.321,8.118,0.047,STRAIGHT
80.053,11.277,99.308,63.124,81.637,1860.527,36.184,0.094,BENDING
70.561,8.778,85.878,60.919,70.791,1872.255,24.959,0.11,BENDING
58.784,9.601,79.995,50.172,57.815,1384.339,29.823,0.121,RETURNING
29.519,4.59,35.342,23.637,30.342,264.091,11.704,0.067,STRAIGHT
82.286,6.536,84.73,76.711,81.632,2417.436,8.019,0.144,BENDING
82.452,11.807,102.062,74.211,82.427,3027.307,27.852,0.17,BENDING
82.05,6.985,93.262,70.46,79.513,1711.902,22.801,0.135,BENDING
79.97,10.739,94.494,63.358,82.983,2856.83,31.136,0.152,BENDING
76.893,9.119,88.164,71.075,79.436,1547.719,17.089,0.08,RETURNING
27.13,5.353,35.126,17.857,28.403,189.571,17.268,0.082,STRAIGHT
77.009,11.216,90.384,65.089,75.357,1542.082,25.295,0.155,BENDING
38.515,3.101,44.081,35.339,37.293,330.757,8.742,0.062,STRAIGHT
66.09,10.197,89.144,51.965,69.045,1419.061,37.179,0.15,BENDING
75.741,7.851,87.519,64.401,78.902,2361.451,23.119,0.159,BENDING
55.785,7.78,68.002,50.576,57.621,1504.733,17.425,0.122,RETURNING
34.449,3.754,44.099,30.851,35.949,296.678,13.248,0.063,STRAIGHT
50.973,8.079,76.995,38.561,50.135,875.281,38.434,0.068,RETURNING
24.606,7.212,31.338,13.78,25.463,203.058,17.558,0.035,STRAIGHT
38.636,1.2,40.669,36.513,37.859,511.726,4.157,0.082,STRAIGHT
55.639,9.462,61.157,45.286,54.576,1426.225,15.871,0.138,RETURNING
32.121,4.213,35.256,28.427,33.379,481.113,6.83,0.074,RETURNING
59.771,9.503,74.942,50.022,58.654,1447.327,24.92,0.11,RETURNING
53.687,8.947,67.479,40.963,54.053,1102.559,26.515,0.108,RETURNING
55.176,7.535,70.349,47.818,57.16,771.928,22.531,0.111,RETURNING
48.961,7.18,54.076,41.451,49.578,1048.043,12.625,0.131,RETURNING
71.623,15.686,90.053,54.209,75.347,2313.087,35.844,0.186,BENDING
65.711,9.502,92.19,57.616,66.529,1884.969,34.575,0.146,RETURNING
32.612,8.962,45.713,19.847,32.729,479.085,25.866,0.061,STRAIGHT
36.012,6.078,42.716,28.049,35.852,472.395,14.667,0.071,STRAIGHT
29.167,3.565,29.806,22.986,30.055,432.379,6.82,0.042,STRAIGHT
49.586,7.98,68.115,41.058,50.551,903.522,27.057,0.13,RETURNING
52.168,15.95,81.151,30.226,55.574,1219.92,50.925,0.139,RETURNING
61.975,3.527,70.872,57.332,62.756,1162.769,13.54,0.084,BENDING
56.523,9.653,79.504,52.573,55.856,1264.356,26.931,0.125,RETURNING
58.537,9.302,64.199,42.405,59.236,810.296,21.794,0.107,RETURNING
82.658,10.974,108.876,62.262,83.973,2500.56,46.614,0.115,BENDING
75.741,10.965,110.246,71.307,76.709,1388.073,38.939,0.198,BENDING
73.831,10.398,101.813,62.846,76.834,2274.098,38.966,0.176,BENDING
57.851,7.864,83.198,43.262,58.519,996.068,39.936,0.114,RETURNING
37.173,3.921,40.222,32.621,36.76,460.921,7.601,0.064,STRAIGHT
69.691,9.34,81.489,61.808,72.111,2248.924,19.681,0.111,RETURNING
24.902,7.025,38.497,19.259,25.355,186.155,19.238,0.068,STRAIGHT
44.244,9.026,52.038,34.631,45.851,787.382,17.407,0.102,RETURNING
25.359,3.269,29.814,21.354,25.912,212.017,8.459,0.072,STRAIGHT
57.724,10.208,72.548,40.517,58.292,1313.933,32.031,0.121,RETURNING
82.1,8.852,97.925,76.476,80.301,2252.794,21.449,0.155,BENDING
34.757,9.551,47.907,24.209,36.394,566.636,23.698,0.068,STRAIGHT
43.887,7.563,60.947,41.538,43.54,789.535,19.41,0.074,RETURNING
46.176,7.301,60.69,36.726,47.975,707.732,23.963,0.134,RETURNING
66.461,9.424,88.188,54.382,67.036,1115.098,33.806,0.074,RETURNING
67.902,9.175,83.383,52.398,68.962,2055.153,30.985,0.176,BENDING
92.466,6.889,101.667,81.848,92.713,3355.727,19.818,0.18,BENDING
83.529,16.053,134.397,61.237,81.724,2556.575,73.16,0.102,BENDING
91.327,8.494,112.295,83.033,95.014,4283.913,29.262,0.129,BENDING
27.643,4.892,40.52,19.369,27.29,186.465,21.151,0.078,STRAIGHT
49.652,10.072,78.85,27.968,52.666,1242.42,50.882,0.105,RETURNING
57.761,12.185,81.798,39.278,56.697,1358.493,42.521,0.106,RETURNING
53.354,12.295,74.644,38.844,54.454,1072.558,35.8,0.144,RETURNING
68.245,8.508,81.925,54.741,69.161,2057.414,27.185,0.111,RETURNING
53.378,9.13,67.57,42.852,53.427,1273.657,24.718,0.08,RETURNING
62.886,7.129,78.836,53.987,61.012,831.387,24.849,0.156,BENDING
69.695,9.268,76.641,57.74,67.882,2039.515,18.901,0.163,BENDING
29.717,6.1,34.658,27.398,31.066,335.68,7.259,0.083,STRAIGHT
33.767,10.108,57.313,25.117,35.575,478.158,32.196,0.127,RETURNING
56.302,11.28,76.357,42.804,57.664,902.5,33.553,0.097,BENDING
36.691,4.263,48.019,34.139,35.843,405.459,13.88,0.083,STRAIGHT
22.413,4.847,35.092,15.819,22.769,216.853,19.273,0.062,STRAIGHT
77.393,13.914,97.749,59.28,77.781,2411.442,38.47,0.098,BENDING
22.747,7.697,39.086,13.536,23.278,159.713,25.55,0.063,STRAIGHT
47.186,8.452,50.784,38.293,49.689,665.476,12.491,0.102,RETURNING
21.237,2.354,27.518,17.913,21.606,176.997,9.605,0.068,STRAIGHT
77.36,12.592,78.512,57.17,80.289,2626.53,21.342,0.097,BENDING
50.115,9.027,69.278,45.785,49.061,531.999,23.493,0.088,RETURNING
66.247,13.078,96.832,59.128,69.641,1889.616,37.704,0.089,BENDING
50.533,9.534,69.593,44.509,50.981,861.09,25.084,0.131,RETURNING
51.573,11.04,79.879,28.282,52.449,631.464,51.598,0.121,BENDING
25.88,5.979,38.761,20.52,27.028,210.57,18.24,0.045,STRAIGHT
61.863,12.33,89.31,46.203,63.009,918.997,43.107,0.135,BENDING
69.21,8.797,94.665,63.039,69.8,1703.082,31.626,0.159,BENDING
58.445,6.658,68.829,53.292,57.834,763.161,15.537,0.088,RETURNING
79.866,11.497,101.851,55.475,80.904,2623.841,46.375,0.105,BENDING
66.44,6.748,81.133,62.162,64.89,1484.434,18.971,0.062,BENDING
102.666,7.317,108.742,85.647,106.285,3924.223,23.096,0.151,BENDING
40.987,5.317,52.507,37.724,41.889,768.409,14.783,0.093,RETURNING
54.188,4.777,60.822,48.779,52.949,683.256,12.043,0.135,RETURNING
43.572,10.496,59.371,30.158,43.76,635.061,29.213,0.154,RETURNING
81.689,10.524,115.024,69.388,82.247,1919.671,45.636,0.132,BENDING
26.5,5.263,36.832,21.504,27.749,184.344,15.328,0.048,STRAIGHT
72.202,8.69,92.197,52.223,73.268,1217.05,39.974,0.131,BENDING
17.838,6.407,33.674,7.936,19.363,108.648,25.738,0.068,STRAIGHT
60.919,4.324,68.217,53.706,63.362,1232.393,14.512,0.107,RETURNING
66.477,12.187,101.541,48.469,65.593,1837.017,53.072,0.099,RETURNING
24.398,3.78,33.744,23.378,24.688,216.731,10.366,0.055,STRAIGHT
68.383,6.46,86.2,60.645,67.86,1862.461,25.556,0.129,BENDING
41.656,10.471,55.458,26.544,42.972,661.44,28.914,0.15,RETURNING
31.829,6.206,42.13,31.621,33.376,276.894,10.509,0.037,STRAIGHT
74.239,6.395,86.049,60.453,73.023,1778.743,25.595,0.117,BENDING
78.41,2.178,82.16,76.76,77.985,1870.744,5.4,0.129,BENDING
90.116,5.646,99.937,82.13,89.945,2377.315,17.807,0.135,BENDING
88.26,6.021,96.849,81.097,90.327,2713.942,15.752,0.157,BENDING
69.016,10.41,81.52,47.725,70.575,1769.253,33.795,0.138,BENDING
16.585,7.539,34.044,9.703,18.296,134.752,24.341,0.063,STRAIGHT
23.621,7.184,36.733,10.713,24.106,172.575,26.02,0.065,STRAIGHT
70.061,12.712,102.999,57.942,72.108,2162.006,45.057,0.163,BENDING
28.167,4.464,38.149,22.431,27.838,198.022,15.718,0.065,STRAIGHT
60.646,7.75,73.094,43.563,62.573,1019.7,29.531,0.077,RETURNING
41.633,6.673,52.845,29.168,42.247,483.006,23.677,0.149,RETURNING
36.788,3.464,46.447,33.142,35.526,526.567,13.306,0.076,STRAIGHT
90.088,8.286,108.779,78.407,88.318,3496.636,30.372,0.107,BENDING
42.164,6.592,52.097,32.022,41.243,384.176,20.076,0.081,RETURNING
83.146,13.394,104.287,66.264,83.824,1745.127,38.023,0.156,BENDING
115.223,9.632,135.894,103.275,118.902,5223.936,32.62,0.075,BENDING
57.634,14.43,72.168,34.384,57.764,1332.763,37.784,0.141,RETURNING
21.309,5.134,28.353,16.837,21.902,139.656,11.516,0.057,STRAIGHT
40.548,3.321,46.416,38.308,41.376,476.777,8.108,0.149,RETURNING
22.977,4.572,33.467,19.502,22.958,216.82,13.965,0.096,STRAIGHT
15.667,4.377,19.308,7.209,16.356,66.857,12.099,0.066,STRAIGHT
84.603,15.283,110.016,49.847,85.733,3276.798,60.169,0.169,BENDING
61.539,9.242,74.461,49.049,59.842,1710.629,25.412,0.136,BENDING
72.775,13.046,106.22,54.253,71.05,1690.692,51.967,0.086,BENDING
58.563,4.493,62.529,51.87,59.108,1565.677,10.659,0.133,BENDING
43.561,9.556,54.156,34.983,44.866,854.425,19.174,0.104,RETURNING
85.697,10.027,97.829,70.742,87.881,3006.751,27.086,0.187,BENDING
26.678,6.453,42.088,15.92,26.831,222.482,26.167,0.093,STRAIGHT
49.413,8.087,61.48,41.017,52.043,1092.062,20.463,0.086,RETURNING
68.109,9.561,81.779,45.542,68.808,1956.052,36.237,0.114,RETURNING
15.581,6.233,25.962,6.47,17.246,68.181,19.492,0.076,STRAIGHT
19.802,5.921,35.147,5.963,21.231,108.369,29.184,0.071,STRAIGHT
51.297,4.501,58.923,44.578,50.381,857.042,14.345,0.139,RETURNING
19.13,3.15,26.533,13.899,19.505,133.321,12.633,0.044,STRAIGHT
50.188,10.092,65.837,39.263,51.628,886.567,26.574,0.154,RETURNING
52.729,5.494,56.803,46.451,53.446,1184.954,10.352,0.106,RETURNING
70.907,7.762,87.087,60.957,73.407,1905.204,26.13,0.109,RETURNING
95.832,12.894,127.362,86.379,94.897,2199.738,40.983,0.146,BENDING
26.581,7.769,40.747,15.157,28.207,196.887,25.59,0.077,STRAIGHT
95.034,11.826,123.931,78.668,93.902,3107.926,45.262,0.192,BENDING
39.353,4.985,52.205,34.003,38.858,437.006,18.202,0.06,STRAIGHT
55.317,7.946,69.44,47.627,57.717,1288.758,21.813,0.133,RETURNING
37.022,6.746,51.549,29.184,38.778,557.353,22.365,0.075,STRAIGHT
29.023,9.668,49.585,9.409,30.312,207.801,40.175,0.05,STRAIGHT
57.132,7.382,60.356,47.711,55.635,701.632,12.645,0.134,BENDING
45.383,7.146,60.37,29.933,46.034,753.228,30.437,0.109,RETURNING
68.785,7.693,79.924,54.897,68.286,2097.001,25.027,0.144,BENDING
54.328,9.878,73.794,37.2,55.117,820.198,36.594,0.183,BENDING
111.601,12.274,139.639,94.643,113.918,3317.937,44.995,0.121,BENDING
82.776,8.044,98.447,75.081,85.745,2752.571,23.366,0.096,BENDING
19.969,3.411,26.215,14.829,20.352,142.335,11.387,0.081,STRAIGHT
32.259,5.377,44.367,22.312,32.127,319.094,22.055,0.03,STRAIGHT
74.514,9.083,98.518,57.472,77.944,1529.885,41.046,0.105,BENDING
64.305,9.297,71.417,53.698,63.193,1039.181,17.719,0.172,BENDING
72.799,9.881,99.604,60.103,74.876,2458.694,39.501,0.14,BENDING
64.973,9.225,77.015,53.562,63.679,1339.07,23.453,0.133,BENDING
72.562,9.503,78.794,60.243,74.974,2029.758,18.55,0.178,BENDING
32.137,7.106,42.634,26.492,33.169,468.725,16.143,0.084,STRAIGHT
95.85,6.556,106.695,88.83,92.96,2122.249,17.865,0.092,BENDING
83.876,4.153,91.339,79.405,82.44,2868.868,11.935,0.129,BENDING
88.135,10.856,106.835,77.534,88.188,2203.02,29.301,0.164,BENDING
36.502,3.901,42.583,32.453,37.129,601.531,10.129,0.084,STRAIGHT
88.6,9.083,105.256,73.878,88.813,3739.177,31.378,0.136,BENDING
77.304,11.871,79.678,65.601,79.604,2021.282,14.077,0.142,BENDING
68.837,9.457,84.73,56.158,69.223,1950.295,28.572,0.106,RETURNING
64.929,14.257,83.113,43.597,67.177,1644.589,39.516,0.132,BENDING
24.259,3.822,29.935,18.642,24.88,215.543,11.294,0.066,STRAIGHT
26.731,4.421,36.231,20.545,26.931,308.161,15.687,0.061,STRAIGHT
71.196,6.868,82.953,64.304,69.766,1873.344,18.649,0.111,BENDING
16.373,6.475,24.129,9.492,17.593,70.778,14.637,0.086,STRAIGHT
47.969,7.461,52.548,34.272,49.496,853.589,18.276,0.042,RETURNING
51.025,6.203,60.012,43.783,49.574,947.182,16.23,0.087,RETURNING
75.934,11.544,84.156,67.759,75.819,2163.241,16.398,0.136,BENDING
73.226,11.644,97.073,47.767,73.381,2177.594,49.306,0.128,BENDING
74.781,4.834,79.848,66.516,73.229,1336.378,13.332,0.133,BENDING
31.073,2.782,34.971,26.588,30.834,337.111,8.383,0.058,STRAIGHT
25.724,6.709,44.115,19.636,26.452,217.642,24.478,0.05,STRAIGHT
77.988,8.529,96.589,68.366,75.997,1365.063,28.223,0.128,BENDING
80.211,7.654,87.958,74.056,80.096,1852.267,13.903,0.083,BENDING
51.536,11.79,67.44,29.596,51.641,693.773,37.844,0.052,RETURNING
91.322,9.359,97.535,70.585,90.772,2941.924,26.95,0.13,BENDING
18.411,6.072,35.238,8.464,19.865,188.118,26.774,0.05,STRAIGHT
38.315,11.683,68.552,27.673,40.857,751.672,40.88,0.123,RETURNING
81.959,9.079,97.31,67.156,84.38,2344.123,30.153,0.136,BENDING
68.42,11.799,91.94,53.458,68.369,2212.993,38.482,0.192,BENDING
96.559,12.651,115.787,82.566,98.995,4463.369,33.221,0.121,BENDING
70.722,7.881,77.507,53.509,71.436,1914.255,23.998,0.111,RETURNING
74.832,6.497,82.874,62.87,77.459,2248.781,20.004,0.187,BENDING
91.859,9.905,117.826,84.698,90.826,2994.58,33.128,0.087,BENDING
70.248,5.636,82.347,64.677,69.888,1196.329,17.67,0.118,BENDING
78.782,15.763,109.214,61.037,79.454,1797.138,48.177,0.126,BENDING
35.354,4.778,45.401,27.681,36.492,537.103,17.72,0.054,STRAIGHT
87.335,8.829,99.898,74.314,88.688,2952.82,25.584,0.147,BENDING
28.309,4.028,35.48,23.184,29.525,309.334,12.296,0.05,STRAIGHT
44.42,6.906,61.018,34.499,45.824,867.706,26.519,0.059,STRAIGHT
38.214,7.408,54.9,27.822,39.896,372.458,27.079,0.11,RETURNING
82.17,8.441,95.995,65.36,84.044,2000.922,30.635,0.162,BENDING
51.403,7.181,62.321,39.798,53.923,1380.418,22.523,0.142,RETURNING
36.612,8.397,44.374,25.769,38.764,330.948,18.605,0.05,STRAIGHT
97.783,16.719,126.095,72.051,96.049,3801.018,54.045,0.142,BENDING
49.108,9.203,65.564,39.84,51.81,1262.158,25.725,0.107,RETURNING
63.588,7.497,70.88,54.352,62.6,1238.257,16.528,0.098,RETURNING
78.013,10.364,94.196,73.381,79.227,2044.55,20.815,0.133,BENDING
53.624,7.685,66.521,47.593,55.516,1254.764,18.928,0.101,RETURNING
18.329,6.694,26.294,9.935,19.206,131.969,16.359,0.047,STRAIGHT
20.766,2.372,26.729,18.947,21.663,201.954,7.782,0.052,STRAIGHT
59.595,5.435,69.007,52.424,61.019,1082.017,16.583,0.095,RETURNING
86.221,16.415,105.828,78.257,89.658,3181.668,27.571,0.13,BENDING
38.958,11.51,57.142,32.182,40.101,460.855,24.96,0.086,RETURNING
61.816,9.31,78.789,53.237,62.854,1215.787,25.552,0.143,BENDING
53.898,11.603,68.57,41.355,56.485,1445.514,27.215,0.108,RETURNING
22.185,1.358,24.788,20.8,21.35,213.517,3.988,0.094,STRAIGHT
87.112,14.148,125.677,63.296,90.733,2463.135,62.381,0.161,BENDING
26.563,4.926,36.773,20.992,27.398,191.684,15.781,0.03,STRAIGHT
98.677,9.339,122.721,84.41,101.223,2506.903,38.311,0.103,BENDING
106.769,13.261,140.652,88.142,108.457,4295.904,52.51,0.183,BENDING
55.595,11.681,89.256,37.301,58.426,1598.182,51.954,0.123,BENDING
72.636,6.334,84.937,67.847,74.65,2575.921,17.09,0.12,BENDING
63.444,8.417,76.351,51.085,64.019,1482.745,25.266,0.172,BENDING
74.279,6.867,87.893,65.09,77.419,2755.922,22.803,0.118,BENDING
49.922,6.097,54.415,39.84,48.552,765.471,14.576,0.106,RETURNING
37.454,6.483,46.945,30.326,37.314,506.809,16.619,0.147,RETURNING
56.882,5.982,67.497,48.822,58.133,1351.987,18.674,0.129,RETURNING
78.502,14.475,104.82,50.343,80.105,1479.315,54.477,0.135,BENDING
68.803,8.196,80.476,59.81,69.852,2107.696,20.666,0.089,RETURNING
35.687,2.673,42.075,32.042,34.968,331.995,10.033,0.059,STRAIGHT
79.693,11.714,101.533,60.211,79.385,1700.801,41.321,0.193,BENDING
84.268,15.894,94.067,56.445,86.48,3165.806,37.622,0.185,BENDING
28.188,6.91,42.529,21.583,28.534,328.071,20.946,0.072,STRAIGHT
89.231,3.508,96.059,84.821,91.349,3139.636,11.237,0.129,BENDING
28.342,7.126,42.976,27.197,28.169,267.056,15.779,0.07,STRAIGHT
64.275,10.598,87.859,51.213,65.386,965.468,36.646,0.093,RETURNING
70.377,12.514,83.795,54.373,70.668,2215.344,29.422,0.124,BENDING
81.965,13.719,104.916,73.108,82.39,2652.472,31.807,0.177,BENDING
38.705,9.424,53.673,21.593,38.666,691.379,32.08,0.119,RETURNING
32.076,6.01,45.865,27.214,32.291,301.807,18.651,0.043,STRAIGHT
76.623,10.583,92.328,68.922,74.747,2547.936,23.406,0.145,BENDING
35.542,8.879,53.387,24.251,36.726,455.407,29.136,0.091,RETURNING
46.618,8.047,59.377,35.562,46.475,701.232,23.816,0.173,RETURNING
22.605,3.996,30.407,10.83,22.879,159.669,19.577,0.051,STRAIGHT
34.363,4.62,46.679,29.373,34.255,553.471,17.306,0.072,STRAIGHT
72.667,11.834,93.741,50.127,72.806,2072.977,43.614,0.146,BENDING
81.018,10.412,98.155,73.996,84.311,2574.417,24.159,0.15,BENDING
28.149,6.393,39.658,17.719,28.496,279.296,21.939,0.063,STRAIGHT
77.029,8.972,100.595,67.556,78.018,2112.909,33.039,0.137,BENDING
32.334,5.133,42.101,26.149,32.684,448.898,15.952,0.068,STRAIGHT
58.029,6.452,65.489,47.351,59.711,1631.532,18.139,0.083,RETURNING
90.188,7.093,107.588,83.446,90.816,2127.329,24.143,0.11,BENDING
33.831,6.524,47.026,22.939,34.12,542.165,24.087,0.053,STRAIGHT
93.479,12.294,114.673,81.758,90.772,2293.099,32.915,0.145,BENDING
47.845,5.619,52.125,44.696,49.709,794.107,7.429,0.088,RETURNING
85.809,9.803,101.399,70.237,86.658,1678.815,31.162,0.102,BENDING
31.776,3.313,36.736,25.948,32.555,259.379,10.788,0.055,STRAIGHT
30.667,7.107,42.925,15.505,31.382,241.382,27.419,0.081,STRAIGHT
66.694,11.261,78.259,65.239,65.943,2078.939,13.019,0.153,BENDING
34.345,4.098,40.145,31.003,35.185,315.555,9.142,0.067,STRAIGHT
48.94,12.186,79.829,37.482,52.114,1218.924,42.348,0.14,RETURNING
35.92,4.244,44.206,29.225,36.581,422.927,14.981,0.056,STRAIGHT
58.159,12.656,83.976,38.721,60.012,1687.319,45.254,0.122,RETURNING
41.832,6.525,51.934,26.296,42.278,659.251,25.638,0.086,RETURNING
24.868,7.248,30.399,15.29,25.24,269.567,15.109,0.088,STRAIGHT
23.757,6.892,31.955,8.678,24.513,213.655,23.277,0.052,STRAIGHT
81.244,9.325,97.37,70.263,84.501,2592.21,27.107,0.145,BENDING
46.012,6.612,57.075,37.808,45.223,461.434,19.267,0.065,RETURNING
22.887,4.496,34.925,18.966,23.328,213.364,15.959,0.058,STRAIGHT
27.89,2.813,31.09,24.472,28.104,324.816,6.618,0.048,STRAIGHT
95.567,12.491,127.203,71.09,96.728,2202.811,56.112,0.109,BENDING
63.467,8.161,75.554,42.68,63.287,901.663,32.874,0.143,RETURNING
98.36,6.931,105.847,91.031,96.476,3936.505,14.817,0.134,BENDING
28.367,6.001,43.202,26.138,28.742,191.528,17.064,0.074,STRAIGHT
94.45,9.685,111.247,92.143,93.183,4047.222,19.104,0.144,BENDING
48.39,4.643,54.713,40.795,48.736,556.292,13.918,0.141,RETURNING
77.509,10.237,97.756,66.456,76.438,2323.092,31.3,0.161,BENDING
85.275,5.859,94.515,80.224,88.307,2309.963,14.29,0.084,BENDING
38.535,7.359,47.543,29.224,39.651,716.314,18.319,0.137,RETURNING
50.384,9.741,58.749,36.731,49.3,1154.736,22.018,0.107,RETURNING
69.058,11.146,88.105,62.05,68.052,1970.848,26.055,0.117,BENDING
28.124,5.331,32.449,17.069,28.486,256.825,15.38,0.061,STRAIGHT
33.09,6.544,45.16,32.538,33.189,443.874,12.623,0.098,RETURNING
61.237,3.624,66.902,58.92,61.706,1726.024,7.982,0.078,RETURNING
80.572,9.552,97.959,65.531,82.878,2836.657,32.428,0.155,BENDING
25.684,4.7,31.645,17.11,26.497,287.015,14.535,0.076,STRAIGHT
42.194,2.534,46.671,37.532,41.99,413.218,9.139,0.088,RETURNING
47.758,9.312,62.978,40.838,49.444,1101.592,22.14,0.141,RETURNING
63.336,8.019,71.648,62.28,64.213,1306.925,9.368,0.102,RETURNING
30.369,7.645,40.414,22.629,30.7,222.98,17.786,0.063,STRAIGHT
90.591,7.603,105.546,80.251,87.569,2114.19,25.295,0.144,BENDING
59.888,8.485,71.094,47.261,60.113,1726.492,23.833,0.126,RETURNING
41.77,8.452,53.228,40.814,42.166,683.558,12.414,0.113,RETURNING
21.836,7.019,35.729,11.524,22.878,187.082,24.205,0.106,RETURNING
62.015,9.386,67.565,55.733,63.573,1363.762,11.832,0.132,BENDING
80.639,8.46,99.771,77.215,80.264,2034.754,22.556,0.138,BENDING
54.305,6.184,61.845,51.949,53.859,1264.358,9.896,0.134,RETURNING
63.437,10.903,88.255,48.4,65.1,1403.319,39.855,0.135,BENDING
56.344,4.243,64.518,56.263,56.209,1335.266,8.255,0.097,RETURNING
95.877,8.62,113.607,82.856,98.812,4100.462,30.751,0.12,BENDING
37.019,11.881,60.446,19.07,39.988,515.241,41.376,0.077,RETURNING
50.041,5.563,58.154,43.91,50.1,770.43,14.244,0.15,RETURNING
81.586,9.324,100.071,65.934,79.436,2110.921,34.138,0.144,BENDING
86.043,12.259,105.262,69.108,87.487,2761.391,36.154,0.152,BENDING
30.897,3.903,36.704,27.4,32.146,455.387,9.303,0.055,STRAIGHT
29.864,7.279,30.885,18.384,30.899,297.279,12.501,0.072,STRAIGHT
27.901,4.653,35.749,22.09,28.801,263.904,13.659,0.081,STRAIGHT
34.579,6.201,49.275,32.058,36.403,527.226,17.217,0.05,STRAIGHT
40.149,12.941,71.048,29.518,43.072,550.27,41.53,0.109,RETURNING
18.892,4.975,26.17,15.118,20.078,145.352,11.052,0.043,STRAIGHT
88.218,9.979,109.652,77.951,89.738,3311.255,31.701,0.195,BENDING
77.793,9.756,101.284,67.086,80.31,2012.824,34.198,0.12,BENDING
93.921,12.496,125.462,79.269,98.123,2194.799,46.192,0.135,BENDING
81.952,7.504,96.098,72.179,81.099,2394.462,23.919,0.131,BENDING
90.337,4.467,96.639,85.382,89.127,2270.263,11.256,0.194,BENDING
32.635,4.262,38.975,26.585,32.085,485.346,12.39,0.053,STRAIGHT
83.468,13.677,117.999,80.746,82.962,2800.447,37.253,0.05,BENDING
36.706,7.951,53.243,26.632,37.857,355.198,26.611,0.1,RETURNING
78.403,10.692,102.363,68.722,79.427,2765.29,33.641,0.124,BENDING
90.898,9.602,112.556,81.75,89.519,3516.485,30.806,0.177,BENDING
62.361,6.486,68.396,53.843,60.276,973.371,14.553,0.1,RETURNING
44.501,7.282,56.359,33.096,43.59,685.768,23.263,0.072,RETURNING
80.929,11.51,95.058,64.489,80.261,1466.461,30.568,0.106,BENDING
86.903,12.454,103.529,64.804,85.82,2972.492,38.725,0.16,BENDING
71.869,9.328,86.037,71.035,71.796,2013.056,15.002,0.193,BENDING
19.863,3.986,25.29,16.485,20.459,194.947,8.805,0.054,STRAIGHT
22.939,2.917,29.86,17.241,23.14,168.228,12.619,0.045,STRAIGHT
80.048,11.648,97.604,76.938,83.999,3175.57,20.665,0.185,BENDING
85.789,6.747,96.738,78.005,88.213,2877.127,18.733,0.185,BENDING
21.158,6.941,32.852,13.65,22.611,151.837,19.202,0.074,STRAIGHT
31.536,9.099,45.766,30.938,32.073,287.518,14.828,0.078,RETURNING
19.812,3.76,21.62,14.574,19.764,180.666,7.047,0.061,STRAIGHT
31.677,5.403,34.585,26.117,33.129,258.16,8.469,0.056,STRAIGHT
83.749,14.252,112.716,65.493,87.951,1987.204,47.223,0.138,BENDING
92.751,8.379,112.317,82.871,93.205,3827.561,29.446,0.217,BENDING
65.057,9.806,83.301,50.609,63.234,1690.527,32.692,0.133,BENDING
40.841,13.376,68.37,24.924,42.626,823.092,43.446,0.099,RETURNING
36.502,7.598,54.76,28.17,38.618,586.382,26.59,0.088,RETURNING
66.425,5.826,79.722,57.213,64.735,1443.984,22.509,0.076,RETURNING
60.598,4.849,69.173,53.344,58.486,1442.37,15.829,0.087,RETURNING
42.245,9.787,42.733,32.601,44.98,823.696,10.132,0.122,RETURNING
65.928,8.042,80.342,51.47,67.532,1395.835,28.872,0.11,RETURNING
86.078,9.429,99.663,68.389,84.826,2494.303,31.274,0.148,BENDING
84.631,13.575,97.022,75.042,84.786,2636.843,21.981,0.133,BENDING
78.133,2.842,81.681,74.71,75.58,2499.998,6.971,0.157,BENDING
30.768,2.305,35.557,27.091,30.137,368.707,8.465,0.04,STRAIGHT
73.338,7.773,86.615,62.563,76.161,2336.433,24.053,0.107,BENDING
41.589,5.439,46.826,35.498,43.225,725.005,11.329,0.09,RETURNING
34.116,4.893,41.862,25.156,33.438,366.035,16.706,0.065,STRAIGHT
32.986,4.26,38.15,26.344,33.124,522.294,11.806,0.078,STRAIGHT
78.732,14.563,90.59,68.203,78.213,2324.362,22.387,0.099,BENDING
85.459,9.987,100.118,74.87,83.789,2389.165,25.248,0.118,BENDING
62.134,12.388,98.348,47.366,61.049,1652.294,50.982,0.172,BENDING
46.787,6.143,59.348,36.524,45.979,876.629,22.824,0.047,RETURNING
32.168,4.529,35.27,26.648,32.747,403.823,8.623,0.055,STRAIGHT
53.178,9.459,69.144,30.148,55.904,1160.786,38.996,0.068,RETURNING
73.772,5.207,80.186,66.965,75.201,1531.424,13.22,0.124,BENDING
58.349,12.695,88.233,46.47,59.427,1373.565,41.762,0.15,BENDING
32.153,6.383,45.029,24.141,32.921,250.889,20.888,0.063,STRAIGHT
37.547,9.498,51.336,24.999,38.228,551.307,26.337,0.151,RETURNING
51.777,8.794,57.931,42.082,52.573,982.133,15.848,0.127,RETURNING
75.624,3.422,85.655,73.813,73.973,1546.996,11.843,0.112,BENDING
50.175,9.563,75.568,41.665,50.594,1010.399,33.903,0.103,RETURNING
85.905,14.736,126.25,67.715,88.484,2928.165,58.536,0.155,BENDING
41.314,8.535,51.454,30.188,42.32,576.508,21.266,0.108,RETURNING
77.177,9.73,94.534,66.317,80.455,2053.33,28.217,0.149,BENDING
61.088,8.246,85.201,52.454,59.738,1642.995,32.748,0.147,BENDING
55.336,11.091,71.19,34.176,54.278,1399.516,37.014,0.112,RETURNING
68.472,9.441,86.815,64.155,68.208,1794.504,22.66,0.103,BENDING
22.053,7.079,38.967,10.77,22.674,121.511,28.197,0.087,STRAIGHT
17.741,6.343,24.984,11.06,19.269,113.342,13.924,0.079,STRAIGHT
80.578,10.396,100.146,64.325,84.167,2765.933,35.821,0.165,BENDING
35.728,7.672,50.044,31.063,35.403,577.301,18.981,0.113,RETURNING
59.565,2.831,64.996,56.624,61.992,1209.695,8.372,0.138,RETURNING
62.03,8.936,78.374,46.472,60.426,1177.938,31.902,0.113,RETURNING
70.412,13.79,105.273,41.992,73.281,1529.782,63.281,0.146,BENDING
21.324,7.299,35.17,9.851,23.331,213.995,25.319,0.049,STRAIGHT
85.609,14.137,115.651,55.702,86.681,1959.649,59.948,0.204,BENDING
67.577,9.822,87.912,47.865,69.639,2234.119,40.047,0.11,BENDING
92.69,6.412,103.338,84.984,89.98,2134.189,18.354,0.154,BENDING
47.976,11.038,71.317,11.409,47.294,892.26,59.908,0.094,RETURNING
49.863,6.663,68.3,41.254,51.13,842.356,27.046,0.08,RETURNING
65.374,7.877,82.132,61.933,66.728,1408.778,20.199,0.089,RETURNING
27.227,6.322,34.818,20.638,27.291,269.828,14.18,0.073,STRAIGHT
20.219,2.566,24.97,15.915,20.454,98.929,9.055,0.053,STRAIGHT
37.525,2.259,43.154,33.175,38.499,509.385,9.979,0.053,STRAIGHT
26.53,2.669,32.099,24.343,27.058,318.692,7.756,0.075,STRAIGHT
31.18,7.718,49.202,18.951,32.563,331.083,30.252,0.046,STRAIGHT
76.539,9.883,95.972,64.896,74.401,2518.752,31.077,0.135,BENDING
69.171,13.292,83.644,49.568,71.421,1275.418,34.076,0.141,BENDING
50.016,6.564,56.621,36.283,50.662,1219.553,20.339,0.137,RETURNING
27.779,2.959,32.078,25.948,28.045,215.158,6.13,0.06,STRAIGHT
50.978,9.213,62.868,44.703,51.427,872.681,18.166,0.156,RETURNING
80.787,5.159,91.247,73.001,80.212,3043.752,18.246,0.193,BENDING
20.511,6.189,33.264,11.846,21.335,183.144,21.418,0.057,STRAIGHT
91.272,8.107,98.764,80.07,93.799,3088.071,18.693,0.151,BENDING
57.571,11.492,85.931,47.34,57.246,1328.124,38.591,0.142,BENDING
67.005,13.807,89.22,49.053,67.288,1100.62,40.168,0.101,BENDING
82.9,6.701,97.656,77.875,81.708,2931.747,19.782,0.121,BENDING
42.963,12.441,60.971,21.154,43.776,901.944,39.817,0.093,RETURNING
79.258,11.357,100.255,65.048,81.753,2832.781,35.207,0.131,BENDING
25.016,5.417,34.871,16.861,25.202,192.828,18.01,0.071,STRAIGHT
38.302,5.274,47.978,32.531,37.458,597.707,15.447,0.048,STRAIGHT
37.163,5.336,45.7,32.012,36.279,615.402,13.688,0.062,STRAIGHT
29.088,6.033,40.044,23.479,30.083,397.613,16.565,0.069,STRAIGHT
77.451,10.39,96.729,63.759,77.275,2009.429,32.97,0.13,BENDING
58.666,9.202,89.514,44.589,60.778,1244.197,44.924,0.102,RETURNING
42.071,7.214,56.096,30.124,42.858,773.566,25.972,0.101,RETURNING
50.201,9.811,60.957,33.323,49.952,1153.402,27.634,0.122,RETURNING
26.656,7.818,40.785,18.127,28.7,300.425,22.659,0.064,STRAIGHT
74.801,8.459,94.824,65.665,76.368,1706.679,29.16,0.149,BENDING
38.03,9.298,57.341,32.514,39.241,539.191,24.826,0.078,RETURNING
79.469,12.781,96.54,68.01,80.815,1616.27,28.53,0.067,BENDING
102.185,11.586,120.883,83.086,105.587,4832.132,37.796,0.123,BENDING
84.527,9.344,96.067,71.268,87.983,3190.852,24.798,0.207,BENDING
74.379,12.082,94.306,50.968,73.441,1197.059,43.337,0.071,RETURNING
38.522,7.032,45.307,29.491,39.319,639.006,15.816,0.079,STRAIGHT
35.967,8.717,43.324,28.312,37.872,369.84,15.012,0.131,RETURNING
39.324,6.107,41.702,38.676,40.964,476.943,3.026,0.112,RETURNING
68.114,9.105,80.782,52.301,70.336,1896.04,28.481,0.123,BENDING
46.738,8.733,63.952,39.651,45.731,601.472,24.301,0.145,RETURNING
26.823,6.656,36.259,24.134,26.535,310.217,12.125,0.036,STRAIGHT
27.327,7.622,39.311,20.41,28.425,186.904,18.901,0.088,STRAIGHT
83.382,13.983,100.94,67.72,85.557,2422.893,33.22,0.155,BENDING
48.141,6.321,54.549,38.349,49.184,795.698,16.2,0.139,RETURNING
73.287,11.896,98.819,56.755,75.095,1342.971,42.065,0.17,BENDING
76.948,12.369,92.236,56.6,79.348,2917.54,35.636,0.131,BENDING
34.555,4.679,43.698,26.078,34.319,536.428,17.621,0.068,STRAIGHT
92.314,9.837,109.311,76.913,93.855,2184.859,32.398,0.176,BENDING
78.953,10.643,95.942,68.852,78.294,2925.826,27.09,0.162,BENDING
20.235,6.759,27.722,11.749,20.904,148.421,15.973,0.069,STRAIGHT
86.506,12.302,112.794,61.927,86.284,2040.462,50.867,0.172,BENDING
46.905,5.426,55.223,38.481,46.381,1028.186,16.741,0.096,RETURNING
64.607,11.157,84.552,53.078,66.072,1969.72,31.475,0.161,BENDING
58.059,6.029,68.366,53.743,59.441,1491.483,14.623,0.097,RETURNING
30.085,7.704,35.633,19.279,31.743,448.438,16.354,0.046,STRAIGHT
28.208,4.593,36.551,22.018,29.323,302.284,14.533,0.084,STRAIGHT
27.176,4.37,29.841,22.958,26.754,224.192,6.883,0.072,STRAIGHT
32.807,4.257,42.558,27.794,32.668,367.406,14.764,0.077,STRAIGHT
52.352,8.524,59.436,44.481,53.969,740.193,14.955,0.103,RETURNING
60.367,9.888,70.218,49.087,58.999,1246.673,21.131,0.122,BENDING
89.12,4.291,96.424,87.802,89.272,3670.667,8.622,0.124,BENDING
21.575,4.987,34.693,16.193,22.198,156.887,18.5,0.102,STRAIGHT
50.052,9.39,70.137,34.81,52.087,1047.982,35.327,0.113,RETURNING
71.088,10.977,97.722,45.685,71.364,2039.434,52.037,0.114,BENDING
26.176,6.706,34.475,12.472,27.647,332.908,22.003,0.066,STRAIGHT
70.234,8.517,83.152,58.113,69.011,1785.172,25.039,0.084,RETURNING
48.475,10.288,62.919,35.768,50.736,1225.233,27.151,0.099,RETURNING
54.124,4.979,62.959,49.88,55.45,1216.654,13.078,0.092,RETURNING
20.545,5.819,26.905,18.705,21.517,120.765,8.2,0.038,STRAIGHT
28.222,7.951,33.124,11.233,29.694,269.28,21.891,0.047,STRAIGHT
76.638,13.685,94.031,54.745,78.221,2288.844,39.286,0.117,BENDING
43.761,8.196,56.998,33.938,43.739,484.452,23.061,0.124,RETURNING
79.792,9.147,99.876,66.064,82.945,3088.488,33.812,0.175,BENDING
40.972,12.512,59.65,33.085,42.2,791.575,26.565,0.097,RETURNING
24.494,4.333,31.006,18.655,25.153,260.554,12.351,0.066,STRAIGHT
28.125,6.869,39.029,14.698,29.994,212.942,24.331,0.077,STRAIGHT
46.275,5.038,59.074,40.193,47.1,909.806,18.881,0.091,RETURNING
35.335,3.826,42.337,29.93,35.823,542.177,12.407,0.054,STRAIGHT
60.803,12.329,68.187,48.374,61.499,979.523,19.812,0.107,RETURNING
31.893,4.178,38.746,27.023,33.341,317.744,11.723,0.046,STRAIGHT
19.629,5.251,23.633,15.768,19.616,131.973,7.865,0.059,STRAIGHT
81.524,10.564,103.317,64.608,84.67,1607.522,38.708,0.133,BENDING
31.625,4.261,40.789,26.009,31.074,335.639,14.78,0.088,STRAIGHT
35.889,4.787,35.938,30.14,34.897,457.417,5.797,0.068,STRAIGHT
79.834,12.088,100.193,55.679,79.095,2016.553,44.513,0.101,BENDING
71.255,8.882,81.306,57.079,70.018,2227.64,24.227,0.127,BENDING
33.68,6.154,42.92,22.089,35.096,412.823,20.831,0.044,STRAIGHT
19.503,5.017,26.219,9.966,20.028,115.768,16.253,0.074,STRAIGHT
24.657,4.04,30.139,22.122,25.48,144.007,8.016,0.054,STRAIGHT
92.834,8.244,113.792,76.263,92.304,2651.078,37.529,0.209,BENDING
82.647,9.028,101.8,66.594,86.189,2054.983,35.206,0.15,BENDING
63.77,11.999,86.191,48.309,66.264,1863.266,37.882,0.114,BENDING
59.904,11.724,83.729,47.926,60.04,1262.771,35.803,0.072,RETURNING
38.984,6.048,54.374,37.59,39.925,351.7,16.784,0.055,RETURNING
56.114,9.993,68.913,33.277,56.398,838.194,35.636,0.142,BENDING
36.503,4.377,47.669,32.323,36.441,577.844,15.346,0.055,STRAIGHT
94.88,10.821,114.13,78.461,97.152,3610.496,35.67,0.127,BENDING
89.515,9.391,96.016,84.333,91.796,2469.407,11.683,0.105,BENDING
81.601,10.41,102.036,68.405,79.902,2011.139,33.631,0.13,BENDING
83.101,14.921,96.263,51.122,85.391,3260.469,45.141,0.186,BENDING
35.09,5.631,49.327,27.302,34.454,430.226,22.025,0.072,STRAIGHT
48.508,9.918,64.234,31.568,48.716,1123.25,32.666,0.152,RETURNING
69.007,9.21,87.353,55.418,68.524,2245.079,31.935,0.153,BENDING
31.72,8.166,45.169,22.937,33.611,255.351,22.231,0.043,STRAIGHT
59.478,9.05,74.318,48.967,59.982,1061.738,25.351,0.115,RETURNING
58.995,3.544,61.46,53.174,57.396,1037.238,8.287,0.146,RETURNING
19.9,2.03,22.847,17.126,20.791,139.268,5.72,0.035,STRAIGHT
65.565,8.274,86.063,51.49,68.349,1800.91,34.573,0.067,BENDING
30.736,7.647,45.86,16.077,31.618,424.679,29.783,0.094,STRAIGHT
60.999,6.556,70.449,49.386,60.6,1014.386,21.063,0.154,BENDING
48.182,5.136,56.837,36.248,49.69,984.952,20.589,0.097,RETURNING
71.845,14.339,80.073,42.719,71.546,1158.845,37.355,0.109,BENDING
29.832,2.571,32.971,27.09,30.331,331.923,5.881,0.068,STRAIGHT
65.813,14.72,106.685,43.047,66.833,1629.089,63.638,0.193,BENDING
23.954,4.679,28.433,16.186,24.856,253.033,12.247,0.084,STRAIGHT
60.9,11.25,74.202,46.897,61.261,1311.238,27.306,0.074,RETURNING
31.956,7.925,50.18,20.902,33.236,487.502,29.278,0.037,STRAIGHT
33.463,2.215,37.911,31.999,34.766,346.737,5.913,0.074,STRAIGHT
57.378,7.461,72.591,51.762,57.49,1231.804,20.829,0.118,RETURNING
40.315,9.726,54.032,27.678,40.297,541.072,26.354,0.132,RETURNING
60.983,7.02,79.713,53.011,60.101,1218.705,26.701,0.181,BENDING
37.446,2.887,42.228,37.333,38.976,519.86,4.896,0.052,STRAIGHT
40.264,1.2,42.003,38.925,39.719,702.213,3.079,0.079,STRAIGHT
18.546,6.553,23.115,8.36,19.079,95.464,14.755,0.081,STRAIGHT
75.839,6.144,87.626,68.491,78.538,2956.803,19.136,0.197,BENDING
90.051,8.994,107.28,79.686,87.601,2488.228,27.594,0.1,BENDING
51.295,5.079,64.943,47.532,52.594,1082.553,17.411,0.06,RETURNING
46.03,9.153,49.761,33.243,45.603,763.218,16.518,0.142,RETURNING
45.448,2.395,47.943,43.528,45.318,639.912,4.415,0.099,RETURNING
66.258,8.018,71.99,52.241,68.05,2157.149,19.749,0.113,RETURNING
53.033,5.205,58.302,46.004,55.34,1464.273,12.298,0.122,RETURNING
45.651,1.666,50.037,44.888,46.366,500.363,5.149,0.126,RETURNING
66.823,7.501,79.897,58.589,64.907,1795.125,21.308,0.12,RETURNING
29.297,8.837,50.423,15.87,31.049,409.55,34.553,0.054,STRAIGHT
30.768,6.239,50.387,22.501,31.63,342.577,27.886,0.076,STRAIGHT
99.16,5.689,105.448,87.867,100.952,4303.401,17.582,0.177,BENDING
19.925,4.077,26.401,14.425,20.224,194.707,11.975,0.071,STRAIGHT
69.178,6.11,76.118,62.228,69.279,2120.214,13.89,0.126,BENDING
101.819,7.794,118.058,92.153,103.109,3999.825,25.904,0.153,BENDING
35.356,3.803,43.885,28.667,36.84,648.582,15.218,0.051,STRAIGHT
33.762,1.2,36.565,31.907,33.947,374.725,4.658,0.049,STRAIGHT
71.741,8.522,82.457,63.572,70.28,1590.459,18.885,0.196,BENDING
48.058,8.86,59.986,39.095,48.354,663.233,20.891,0.08,RETURNING
53.837,10.69,68.489,49.49,54.197,1136.829,18.999,0.137,RETURNING
72.637,9.857,92.103,52.65,75.891,2595.178,39.453,0.115,BENDING
83.046,11.546,103.887,75.929,81.401,2626.105,27.959,0.165,BENDING
83.729,9.09,94.421,67.67,84.903,2755.134,26.752,0.152,BENDING
51.299,5.946,54.374,42.386,51.315,954.653,11.988,0.084,RETURNING
56.093,6.607,69.685,47.611,55.126,1166.518,22.073,0.09,RETURNING
72.504,11.911,91.479,63.101,75.102,1984.361,28.378,0.11,BENDING
33.481,9.302,39.291,16.904,35.162,466.734,22.387,0.125,RETURNING
73.0,7.17,86.254,63.389,74.895,1616.955,22.865,0.108,BENDING
83.072,11.413,103.234,67.09,81.063,2636.836,36.144,0.178,BENDING
44.66,10.772,61.079,24.013,45.336,544.132,37.066,0.088,RETURNING
73.51,13.398,87.782,49.909,74.809,2521.354,37.873,0.125,BENDING
106.294,10.701,132.131,92.713,107.283,3164.045,39.418,0.09,BENDING
24.824,6.888,33.339,10.462,26.109,267.78,22.877,0.056,STRAIGHT
26.12,6.578,29.545,19.359,26.914,183.212,10.187,0.037,STRAIGHT
49.028,4.52,62.584,39.447,51.056,1156.463,23.137,0.084,RETURNING
54.568,5.599,70.144,48.155,52.902,640.64,21.99,0.086,RETURNING
91.754,1.2,93.761,90.46,91.326,3328.29,3.301,0.176,BENDING
61.056,16.28,101.32,51.477,64.563,1519.187,49.843,0.128,BENDING
51.665,8.521,64.955,44.508,54.241,1186.932,20.447,0.09,RETURNING
64.2,8.74,79.69,50.949,63.483,1251.14,28.741,0.154,BENDING
52.064,10.039,68.137,35.417,51.486,724.16,32.72,0.125,RETURNING
14.848,6.398,23.855,6.604,15.875,65.749,17.251,0.084,STRAIGHT
116.802,13.66,145.185,102.905,115.019,5216.254,42.279,0.102,BENDING
51.367,10.019,64.066,46.417,52.533,1148.674,17.65,0.145,RETURNING
61.064,17.056,69.293,52.007,64.103,1703.812,17.287,0.139,BENDING
27.484,4.648,36.591,23.4,27.644,356.247,13.192,0.062,STRAIGHT
21.247,1.962,23.089,18.866,20.669,202.494,4.223,0.038,STRAIGHT
37.885,5.287,43.591,31.128,38.495,567.032,12.464,0.055,STRAIGHT
29.399,1.971,31.425,28.448,29.315,244.976,2.977,0.081,STRAIGHT
21.56,6.034,28.404,14.059,22.04,124.228,14.345,0.056,STRAIGHT
52.42,7.676,63.569,43.031,53.292,1000.616,20.538,0.09,RETURNING
41.797,7.398,55.198,29.464,44.016,674.984,25.734,0.126,RETURNING
11.223,6.435,16.698,8.887,12.511,74.567,7.811,0.09,STRAIGHT
86.478,11.07,106.337,82.395,88.4,3138.556,23.943,0.145,BENDING
47.289,10.173,65.041,43.911,46.835,565.895,21.13,0.118,RETURNING
40.827,8.411,51.791,30.786,42.268,458.158,21.005,0.091,RETURNING
78.085,9.165,102.409,68.971,80.576,1556.103,33.438,0.144,BENDING
20.812,4.214,24.823,16.009,20.474,152.716,8.815,0.06,STRAIGHT
24.019,10.326,28.757,14.016,25.232,177.227,14.741,0.085,STRAIGHT
69.818,13.837,91.768,46.7,72.733,1352.226,45.068,0.166,BENDING
30.781,3.782,41.706,26.194,30.975,256.315,15.511,0.078,STRAIGHT
84.479,10.82,108.699,69.824,86.466,2406.845,38.874,0.119,BENDING
55.856,7.832,81.76,46.881,55.799,1448.382,34.879,0.088,RETURNING
53.312,14.421,71.565,41.503,53.064,671.453,30.061,0.089,RETURNING
60.841,6.664,66.854,49.999,62.395,1650.795,16.856,0.071,RETURNING
38.628,2.246,43.004,36.873,39.588,739.497,6.131,0.096,STRAIGHT
65.98,9.411,85.99,54.73,65.557,1754.632,31.26,0.13,BENDING
49.731,9.872,78.468,42.664,50.412,889.91,35.804,0.081,RETURNING
39.018,5.814,47.457,34.282,39.996,708.32,13.175,0.086,RETURNING
32.869,3.591,38.126,29.806,32.697,446.31,8.321,0.064,STRAIGHT
37.67,5.143,50.446,34.271,39.527,718.99,16.175,0.088,RETURNING
71.228,7.524,86.097,64.779,71.063,1254.447,21.318,0.178,BENDING
65.095,9.678,85.019,54.558,63.324,1880.852,30.461,0.12,RETURNING
81.148,10.381,89.866,58.62,79.161,1626.667,31.246,0.098,BENDING
68.973,5.048,74.41,60.762,68.509,1599.965,13.648,0.12,BENDING
26.123,2.654,34.734,23.188,27.262,217.566,11.545,0.056,STRAIGHT
77.488,10.39,98.456,66.158,78.886,2684.872,32.298,0.151,BENDING
63.976,12.187,71.328,48.22,63.9,989.865,23.108,0.161,BENDING
75.015,15.553,91.558,46.465,75.822,2170.315,45.093,0.103,BENDING
40.78,4.981,48.397,31.979,40.421,519.491,16.417,0.082,STRAIGHT
55.116,5.357,63.281,43.807,53.96,1111.615,19.475,0.126,RETURNING
79.212,10.3,93.167,67.897,81.818,2852.516,25.27,0.159,BENDING
26.383,6.708,35.757,17.927,28.075,239.18,17.83,0.068,STRAIGHT
36.578,5.431,45.24,35.0,36.224,589.761,10.24,0.126,RETURNING
106.228,11.212,121.067,95.942,104.682,4268.387,25.125,0.123,BENDING
89.823,13.078,105.636,83.59,91.094,3503.433,22.046,0.174,BENDING
79.02,6.836,93.055,71.554,77.291,2116.91,21.501,0.1,RETURNING
25.783,8.308,46.244,15.74,26.819,198.698,30.504,0.104,RETURNING
13.362,2.82,17.738,8.8,13.32,67.088,8.939,0.061,STRAIGHT
47.245,10.39,68.911,30.243,48.79,949.78,38.667,0.143,RETURNING
65.47,6.757,70.856,54.142,65.505,1800.56,16.715,0.172,BENDING
77.287,10.168,90.53,61.479,75.923,1308.109,29.051,0.139,BENDING
47.927,7.793,59.104,31.583,48.688,798.078,27.521,0.109,RETURNING
85.883,12.509,114.321,68.945,84.876,2914.507,45.376,0.17,BENDING
67.7,7.576,83.595,62.878,70.033,2309.716,20.717,0.142,RETURNING
41.618,6.116,46.933,32.968,42.244,779.939,13.965,0.068,STRAIGHT
52.545,9.179,73.3,41.059,52.745,726.554,32.241,0.14,RETURNING
41.09,6.318,52.47,27.555,41.574,449.07,24.915,0.065,STRAIGHT
68.612,8.454,85.664,62.322,66.369,1869.386,23.342,0.123,BENDING
84.061,12.341,95.506,74.993,87.194,3376.461,20.513,0.156,BENDING
97.403,14.858,128.98,72.606,101.415,4263.737,56.373,0.126,BENDING
60.485,7.157,72.482,46.745,58.522,1552.797,25.738,0.097,RETURNING
71.435,10.813,96.002,61.565,74.682,1553.992,34.437,0.106,BENDING
57.606,9.987,82.173,30.147,58.687,1463.106,52.026,0.162,BENDING
61.579,14.109,84.797,44.419,61.925,1169.5,40.378,0.117,BENDING
57.516,10.969,74.182,54.465,57.17,1172.887,19.717,0.171,BENDING
58.204,14.026,85.398,44.095,57.636,1416.748,41.303,0.108,RETURNING
98.626,8.408,115.911,81.781,101.975,3075.552,34.13,0.148,BENDING
55.56,7.483,66.776,48.457,54.847,1276.856,18.319,0.079,RETURNING
75.388,11.944,82.975,54.848,77.133,2157.918,28.127,0.142,BENDING
37.409,3.521,45.106,36.439,37.503,581.722,8.667,0.063,STRAIGHT
36.614,2.726,39.878,29.886,35.667,602.846,9.992,0.066,STRAIGHT
76.395,5.532,84.155,61.388,76.798,2405.915,22.766,0.194,BENDING
63.264,4.997,66.119,56.234,64.525,1825.759,9.885,0.09,RETURNING
51.968,9.113,75.765,41.311,53.176,1068.796,34.454,0.079,RETURNING
68.994,5.992,86.451,55.998,68.1,1438.295,30.454,0.033,RETURNING
75.66,13.306,88.543,52.211,74.765,1772.43,36.332,0.152,BENDING
55.4,13.391,74.354,30.072,56.101,820.996,44.282,0.147,BENDING
19.969,6.12,23.654,17.035,20.901,101.101,6.619,0.069,STRAIGHT
70.206,15.657,99.011,48.594,70.581,2035.108,50.416,0.157,BENDING
56.42,9.84,62.599,52.605,55.573,1422.741,9.993,0.124,RETURNING
28.14,6.047,38.382,24.045,29.303,213.581,14.337,0.037,STRAIGHT
30.438,2.356,35.708,27.827,29.345,301.266,7.881,0.042,STRAIGHT
35.052,8.294,51.345,21.946,36.612,295.346,29.399,0.103,RETURNING
41.269,6.9,49.5,36.858,40.215,518.969,12.642,0.187,RETURNING
61.85,9.625,75.973,56.19,60.443,1347.334,19.783,0.127,BENDING
75.704,8.709,87.102,70.483,76.354,2657.804,16.619,0.157,BENDING
26.358,4.546,35.558,24.359,26.052,276.024,11.199,0.085,STRAIGHT
26.685,3.158,32.714,22.606,27.206,318.564,10.108,0.073,STRAIGHT
83.971,8.961,101.659,79.733,81.768,1731.614,21.926,0.145,BENDING
14.777,5.146,25.493,6.764,15.196,64.769,18.729,0.084,STRAIGHT
56.11,4.992,65.289,51.587,55.361,934.74,13.701,0.131,RETURNING
34.072,5.394,40.338,32.628,34.017,513.509,7.71,0.116,RETURNING
23.531,4.601,27.038,16.461,23.617,133.423,10.577,0.049,STRAIGHT
69.012,10.04,82.314,54.539,67.01,2097.162,27.775,0.199,BENDING
76.485,9.876,90.02,56.103,79.247,2291.054,33.917,0.172,BENDING
30.527,4.825,38.561,27.749,31.711,305.299,10.813,0.061,STRAIGHT
73.35,7.907,88.895,62.091,73.286,2125.487,26.804,0.091,BENDING
29.837,4.089,41.412,20.762,29.73,306.536,20.651,0.074,STRAIGHT
34.097,6.365,49.802,26.95,34.339,424.731,22.852,0.042,STRAIGHT
85.737,9.219,102.71,71.61,83.794,2464.299,31.099,0.164,BENDING
75.613,5.634,82.457,66.686,73.329,2206.878,15.771,0.148,BENDING
76.842,3.602,85.492,72.85,74.152,1273.444,12.642,0.171,BENDING
59.955,10.554,88.875,59.044,63.061,997.735,29.831,0.09,RETURNING
15.656,5.013,26.144,9.829,16.679,106.685,16.315,0.061,STRAIGHT
84.273,9.231,105.71,73.842,86.144,2729.324,31.868,0.135,BENDING
30.602,7.629,42.978,23.575,31.33,216.656,19.403,0.084,RETURNING
19.035,7.201,31.278,13.165,19.634,154.818,18.113,0.077,STRAIGHT
30.12,6.303,42.443,17.598,31.325,404.159,24.844,0.075,STRAIGHT
45.729,12.05,66.831,30.444,46.665,634.837,36.386,0.114,RETURNING
88.789,5.583,101.058,82.328,85.43,2052.521,18.731,0.093,BENDING
57.72,12.309,77.218,36.39,56.834,1492.22,40.829,0.116,BENDING
23.052,5.342,28.396,13.694,23.297,244.737,14.702,0.071,STRAIGHT
77.896,8.362,89.406,61.804,75.626,1620.101,27.602,0.119,BENDING
31.613,5.577,42.937,22.691,31.39,395.211,20.247,0.041,STRAIGHT
65.393,7.889,79.248,58.981,67.154,1542.195,20.267,0.155,BENDING
103.695,8.931,124.521,99.375,107.871,3163.613,25.146,0.156,BENDING
76.771,9.427,92.736,70.082,76.143,2412.314,22.655,0.115,BENDING
19.267,3.543,26.02,13.967,19.72,185.393,12.054,0.071,STRAIGHT
67.228,12.067,80.589,56.102,68.345,1177.029,24.487,0.162,BENDING
79.635,11.077,91.006,74.933,83.611,2832.723,16.072,0.186,BENDING
55.928,8.338,69.005,51.557,57.936,1197.499,17.448,0.096,RETURNING
56.903,14.141,66.038,39.015,57.195,1035.141,27.022,0.136,BENDING
80.488,8.49,95.323,66.152,78.919,2878.276,29.171,0.231,BENDING
71.226,7.29,82.696,65.49,74.323,1241.364,17.207,0.083,BENDING
79.94,5.946,92.206,73.344,79.259,2735.203,18.862,0.135,BENDING
69.315,7.39,85.533,62.349,70.713,1731.003,23.183,0.152,BENDING
20.93,4.34,30.391,17.028,20.652,118.111,13.363,0.056,STRAIGHT
86.195,13.699,113.839,58.93,83.923,1753.405,54.908,0.106,BENDING
33.553,9.092,48.653,26.306,34.824,271.51,22.347,0.133,RETURNING
60.321,8.488,75.298,51.163,59.98,1385.806,24.135,0.175,RETURNING
80.186,11.351,106.43,69.434,81.48,2440.696,36.995,0.146,BENDING
90.41,13.815,112.946,70.495,93.691,4047.795,42.451,0.118,BENDING
77.36,4.776,82.72,69.175,78.42,1779.84,13.545,0.141,BENDING
25.594,4.879,32.58,19.398,27.026,250.225,13.182,0.033,STRAIGHT
75.531,8.593,82.642,62.561,75.555,1647.822,20.081,0.172,BENDING
55.322,5.041,66.572,49.997,56.044,694.215,16.575,0.11,RETURNING
48.142,14.739,77.177,32.023,52.011,1240.767,45.154,0.132,RETURNING
46.12,7.863,54.089,39.418,46.953,505.607,14.671,0.05,RETURNING
40.357,3.556,49.904,36.172,41.795,743.136,13.732,0.047,STRAIGHT
35.652,7.584,49.935,24.417,36.146,500.075,25.518,0.064,RETURNING
83.522,10.484,101.392,59.546,86.616,2399.348,41.846,0.13,BENDING
31.043,5.048,34.671,27.66,32.123,451.038,7.01,0.066,STRAIGHT
87.76,13.038,103.553,69.07,91.535,3965.404,34.483,0.156,BENDING
59.482,6.844,70.629,51.278,58.096,803.44,19.351,0.051,RETURNING
28.214,4.857,38.428,25.23,28.488,368.556,13.198,0.093,STRAIGHT
62.1,9.436,77.209,48.036,62.139,901.914,29.173,0.091,RETURNING
61.199,11.701,71.058,46.315,60.237,814.591,24.743,0.156,BENDING
56.417,6.479,65.497,45.944,58.693,911.552,19.553,0.138,RETURNING
26.036,7.47,35.425,9.663,27.627,171.717,25.762,0.081,STRAIGHT
25.606,3.441,30.599,22.146,25.029,220.77,8.453,0.084,STRAIGHT
56.942,7.227,71.663,48.958,56.703,1284.068,22.705,0.103,RETURNING
80.102,11.752,92.078,67.081,78.76,2611.263,24.997,0.16,BENDING
93.108,5.932,101.918,87.168,93.541,4028.762,14.75,0.127,BENDING
18.116,5.87,25.792,10.959,18.882,85.209,14.833,0.05,STRAIGHT
67.9,13.757,96.815,49.495,67.573,1751.249,47.32,0.13,BENDING
87.979,13.487,101.314,63.134,89.497,2833.636,38.179,0.117,BENDING
75.968,12.493,95.292,56.351,76.502,1685.403,38.942,0.123,BENDING
69.504,11.231,79.327,55.367,70.017,1950.247,23.96,0.188,BENDING
37.97,7.548,46.384,30.799,39.667,598.29,15.585,0.114,RETURNING
22.458,1.708,24.813,21.707,21.75,214.5,3.105,0.031,STRAIGHT
76.9,13.083,84.27,49.276,80.714,3040.823,34.994,0.144,BENDING
19.462,8.028,32.516,8.85,21.194,142.998,23.666,0.071,STRAIGHT
22.744,2.533,30.375,20.224,22.776,236.555,10.15,0.05,STRAIGHT
34.379,2.556,37.867,33.059,35.453,474.974,4.808,0.058,STRAIGHT
45.258,3.899,52.265,40.037,43.871,908.317,12.228,0.105,RETURNING
57.56,6.248,66.281,47.76,59.224,1662.644,18.521,0.112,RETURNING
87.534,5.289,95.668,83.475,85.81,3007.6,12.193,0.129,BENDING
93.716,10.428,113.331,74.793,95.787,3829.957,38.537,0.162,BENDING
36.354,4.762,39.541,34.086,37.48,390.524,5.455,0.092,STRAIGHT
32.179,3.856,41.112,29.305,31.62,426.792,11.807,0.054,STRAIGHT
28.799,6.117,43.034,17.198,30.03,221.165,25.836,0.055,STRAIGHT
15.254,3.792,20.262,11.853,15.967,91.256,8.409,0.074,STRAIGHT
40.007,1.894,42.328,38.764,39.169,647.223,3.564,0.054,STRAIGHT
86.601,12.869,102.176,69.992,89.403,2605.678,32.184,0.133,BENDING
71.851,12.775,101.507,53.648,73.272,2082.242,47.86,0.125,BENDING
90.484,11.397,111.979,60.833,92.036,2514.879,51.147,0.137,BENDING
74.895,10.883,100.933,57.911,74.345,1265.876,43.022,0.13,BENDING
62.125,14.984,96.294,46.7,65.322,1933.399,49.594,0.136,BENDING
44.122,5.579,53.987,32.048,44.343,617.292,21.939,0.1,RETURNING
83.082,10.135,99.184,75.771,80.535,2807.25,23.413,0.13,BENDING
75.92,16.335,108.605,69.664,75.541,1719.674,38.941,0.132,BENDING
32.672,6.304,47.522,23.89,34.178,404.302,23.632,0.057,STRAIGHT
56.944,9.248,63.958,48.693,59.183,1349.503,15.264,0.117,RETURNING
63.819,13.138,96.791,45.739,62.725,1174.785,51.052,0.154,BENDING
58.701,6.631,70.373,54.862,58.964,1437.539,15.511,0.1,RETURNING
69.246,2.69,76.125,65.568,70.616,1274.878,10.557,0.1,RETURNING
23.214,5.44,32.1,19.665,24.737,157.94,12.435,0.05,STRAIGHT
35.211,6.314,41.043,30.29,34.633,341.708,10.753,0.045,STRAIGHT
84.543,10.827,100.83,66.192,83.823,1964.279,34.638,0.123,BENDING
53.865,4.125,63.377,49.678,52.301,652.731,13.699,0.052,RETURNING
71.287,9.486,80.76,50.691,69.639,1297.849,30.069,0.118,BENDING
48.265,8.354,60.186,43.593,49.418,812.479,16.593,0.106,RETURNING
28.792,6.046,37.051,18.597,28.427,250.278,18.453,0.075,STRAIGHT
67.884,6.939,79.934,59.997,66.842,1918.392,19.938,0.179,BENDING
84.918,7.972,99.904,77.721,85.335,2459.068,22.183,0.158,BENDING
35.643,2.962,40.033,31.464,36.14,520.423,8.569,0.08,STRAIGHT
37.789,5.766,46.717,30.61,37.334,504.439,16.106,0.06,STRAIGHT
84.071,12.037,97.865,75.918,84.62,1849.12,21.947,0.123,BENDING
50.737,10.716,59.527,31.8,51.839,825.536,27.727,0.106,RETURNING
40.083,10.635,48.86,23.724,41.539,760.918,25.136,0.11,RETURNING
22.806,3.185,29.84,15.844,22.961,209.68,13.996,0.084,STRAIGHT
22.062,5.293,35.449,14.422,22.074,146.777,21.028,0.066,STRAIGHT
57.883,3.037,62.363,52.672,55.754,1338.09,9.691,0.182,BENDING
57.345,12.82,81.464,37.456,60.79,1739.499,44.007,0.134,RETURNING
48.654,8.241,58.759,37.846,49.951,1014.191,20.913,0.173,BENDING
45.142,6.826,59.633,40.626,47.101,695.708,19.007,0.113,RETURNING
83.268,12.889,102.298,66.984,81.724,2832.695,35.313,0.2,BENDING
28.046,6.295,41.354,21.561,28.685,278.283,19.793,0.047,STRAIGHT
70.74,13.751,100.044,57.074,70.394,1584.203,42.97,0.17,BENDING
84.373,10.349,113.392,67.036,88.05,2824.447,46.356,0.109,BENDING
61.944,10.823,66.473,50.78,63.835,1464.659,15.693,0.108,RETURNING
29.262,4.058,36.997,21.929,29.663,396.309,15.067,0.073,STRAIGHT
31.21,3.329,38.451,26.261,30.684,337.226,12.191,0.051,STRAIGHT
43.887,6.912,55.131,34.246,45.179,566.684,20.884,0.058,RETURNING
20.805,7.671,42.115,1.935,22.282,132.571,40.18,0.073,RETURNING
38.879,5.006,46.842,32.935,40.483,702.63,13.906,0.102,RETURNING
78.434,6.719,83.813,74.217,80.657,2526.439,9.597,0.084,BENDING
27.558,2.752,31.281,21.696,27.227,351.011,9.585,0.051,STRAIGHT
52.76,9.384,70.746,40.02,53.292,1314.924,30.726,0.098,RETURNING
82.193,12.76,106.555,61.338,85.35,2537.526,45.217,0.185,BENDING
77.591,10.492,92.341,59.062,80.572,2965.994,33.278,0.134,BENDING
39.925,9.251,46.606,21.278,40.42,673.178,25.328,0.1,RETURNING
40.884,4.409,50.397,34.954,40.692,473.405,15.443,0.066,STRAIGHT
41.036,2.776,44.209,37.957,41.917,485.03,6.251,0.065,STRAIGHT
46.444,6.705,55.937,39.616,45.913,617.785,16.322,0.101,RETURNING
22.695,5.279,29.907,15.199,23.09,250.934,14.707,0.097,STRAIGHT
20.621,3.354,28.45,18.038,20.195,144.871,10.413,0.095,STRAIGHT
77.874,12.119,94.199,58.967,80.127,1932.182,35.233,0.18,BENDING
23.888,4.14,28.63,20.759,24.346,166.975,7.87,0.062,STRAIGHT
71.904,12.37,87.681,53.207,70.957,1673.938,34.474,0.185,BENDING
43.777,6.201,48.804,39.215,43.056,793.344,9.589,0.142,RETURNING
62.414,13.993,84.015,44.74,61.951,1268.516,39.274,0.113,RETURNING
85.815,6.583,97.816,76.101,88.827,2864.908,21.716,0.176,BENDING
102.604,6.669,102.782,91.532,100.54,2446.37,11.25,0.124,BENDING
38.87,7.461,43.239,26.041,40.469,756.273,17.198,0.15,RETURNING
83.181,6.468,100.217,76.297,82.047,2736.133,23.92,0.132,BENDING
26.354,4.032,31.569,24.561,25.827,266.537,7.008,0.063,STRAIGHT
28.984,8.993,50.174,17.253,29.219,388.896,32.92,0.065,STRAIGHT
22.581,4.633,28.233,14.5,22.59,235.863,13.732,0.053,STRAIGHT
91.145,10.219,96.204,78.704,93.828,2101.238,17.5,0.192,BENDING
31.975,7.027,43.387,27.088,32.543,426.089,16.299,0.079,STRAIGHT
86.8,10.824,98.795,74.507,90.023,1921.947,24.288,0.15,BENDING
25.11,5.068,34.942,18.104,24.832,241.601,16.838,0.043,STRAIGHT
79.011,4.758,85.647,73.596,77.037,1456.768,12.051,0.082,BENDING
43.919,4.58,47.818,37.168,42.965,650.141,10.65,0.064,STRAIGHT
14.438,5.133,22.436,5.595,15.094,54.841,16.842,0.055,STRAIGHT
97.141,10.136,114.974,83.713,99.768,3151.231,31.262,0.134,BENDING
61.633,14.879,94.533,30.49,62.355,1580.81,64.042,0.12,BENDING
101.312,7.923,119.679,100.343,104.269,4484.408,19.336,0.171,BENDING
92.418,10.159,109.858,89.758,95.151,2176.76,20.1,0.14,BENDING
75.83,7.108,95.752,70.15,76.105,1651.044,25.602,0.148,BENDING
42.191,9.606,49.708,21.251,43.182,434.714,28.457,0.123,RETURNING
39.5,8.665,57.73,29.247,41.663,627.271,28.483,0.069,STRAIGHT
58.715,8.542,70.861,51.374,57.196,877.512,19.487,0.118,RETURNING
56.181,10.449,70.324,47.078,56.473,813.09,23.245,0.111,RETURNING
75.899,13.399,107.627,50.629,77.083,1426.298,56.997,0.198,BENDING
33.994,4.178,39.754,25.588,33.506,490.675,14.166,0.051,STRAIGHT
57.818,9.955,70.308,31.859,59.745,1598.369,38.449,0.079,RETURNING
27.16,5.004,36.605,23.304,28.388,339.746,13.301,0.057,STRAIGHT
26.961,4.992,38.771,19.929,27.208,275.674,18.842,0.057,STRAIGHT
29.162,7.023,48.581,15.474,28.83,332.497,33.107,0.043,STRAIGHT
83.159,6.774,106.99,74.564,81.094,2029.345,32.426,0.152,BENDING
24.38,3.271,32.034,16.689,25.497,212.843,15.345,0.06,STRAIGHT
67.425,8.766,95.062,65.309,68.034,1280.141,29.753,0.137,RETURNING
56.654,9.867,66.148,45.917,57.583,1364.082,20.23,0.094,RETURNING
69.264,13.663,89.125,54.625,68.003,1193.686,34.5,0.093,BENDING
46.607,8.576,67.144,34.501,45.9,915.554,32.644,0.133,RETURNING
76.215,8.131,92.894,65.572,74.635,2385.151,27.322,0.136,BENDING
59.869,11.152,78.613,40.463,63.14,942.045,38.15,0.093,RETURNING
81.085,11.559,97.24,74.233,82.879,1854.919,23.007,0.153,BENDING
48.926,6.191,60.908,40.712,50.129,662.796,20.196,0.122,RETURNING
44.379,3.856,49.967,42.329,45.869,834.726,7.638,0.152,RETURNING
61.457,9.152,79.257,39.801,62.496,1027.057,39.455,0.153,BENDING
98.349,8.407,105.687,90.604,98.809,2625.049,15.082,0.126,BENDING
42.913,10.685,63.623,31.738,45.106,854.269,31.885,0.113,RETURNING
63.562,8.723,83.27,42.578,64.933,1059.607,40.692,0.113,BENDING
36.157,2.241,38.154,33.516,37.346,354.784,4.638,0.06,STRAIGHT
62.921,6.582,77.351,53.288,62.438,1099.389,24.063,0.111,RETURNING
32.411,7.558,43.825,23.401,32.084,301.694,20.424,0.061,STRAIGHT
74.712,9.718,87.946,59.397,77.375,2812.035,28.548,0.049,BENDING
23.774,2.928,27.977,18.207,24.717,135.244,9.77,0.056,STRAIGHT
73.168,10.291,88.013,61.961,73.049,2305.932,26.052,0.142,BENDING
55.066,4.43,64.627,47.624,53.272,642.365,17.003,0.126,RETURNING
104.22,9.095,111.311,97.152,105.655,2815.539,14.159,0.112,BENDING
69.272,9.028,77.647,52.009,68.367,1923.5,25.637,0.149,BENDING
83.453,9.385,90.881,69.067,83.061,1546.392,21.813,0.072,BENDING
48.975,7.09,58.683,40.831,49.367,924.573,17.852,0.114,RETURNING
74.399,5.874,83.345,66.578,73.265,2573.06,16.767,0.16,BENDING
39.669,8.158,51.636,32.361,40.275,453.911,19.275,0.138,RETURNING
55.304,8.99,68.875,51.623,57.816,1423.596,17.252,0.097,RETURNING
54.649,8.564,68.521,38.557,53.366,1165.086,29.963,0.07,RETURNING
29.167,9.965,51.469,12.856,31.666,233.518,38.614,0.107,RETURNING
66.437,12.235,89.666,45.676,66.728,1299.582,43.99,0.1,RETURNING
50.71,5.553,56.427,43.977,51.844,892.574,12.451,0.146,RETURNING
58.449,15.705,73.856,50.38,60.734,1234.893,23.476,0.147,BENDING
49.562,6.018,63.883,45.878,49.694,924.155,18.005,0.12,RETURNING
9.505,2.76,13.585,5.276,9.556,28.022,8.309,0.079,STRAIGHT
31.193,5.902,41.851,25.39,31.323,313.496,16.461,0.027,STRAIGHT
36.319,7.194,40.776,18.423,36.163,431.459,22.353,0.154,RETURNING
54.022,9.755,67.617,42.986,54.371,1016.279,24.631,0.128,RETURNING
35.937,10.225,52.002,22.444,38.839,406.463,29.559,0.14,RETURNING
26.54,5.501,35.796,21.808,26.191,244.152,13.988,0.071,STRAIGHT
30.244,3.374,37.067,26.436,29.571,257.566,10.631,0.094,STRAIGHT
66.588,13.241,94.3,57.019,69.642,1446.835,37.281,0.103,BENDING
54.355,8.155,62.945,41.608,55.025,845.936,21.337,0.133,BENDING
64.235,9.766,73.863,53.986,67.115,2128.02,19.876,0.101,BENDING
90.993,8.919,102.82,89.219,89.099,2949.725,13.601,0.185,BENDING
67.72,11.51,90.397,46.791,69.037,1746.191,43.606,0.175,BENDING
43.954,10.439,62.586,32.629,46.962,927.907,29.958,0.088,RETURNING
29.579,5.168,36.843,21.666,30.513,420.022,15.178,0.05,STRAIGHT
62.784,7.714,78.037,54.014,60.753,1018.998,24.022,0.083,RETURNING
35.404,5.151,45.249,33.039,35.639,566.014,12.21,0.048,STRAIGHT
89.999,4.104,97.271,86.383,90.785,3219.252,10.888,0.115,BENDING
96.352,5.935,108.178,87.85,99.207,4038.584,20.328,0.125,BENDING
86.342,4.481,92.852,79.766,84.426,2500.703,13.086,0.177,BENDING
57.076,7.681,73.794,44.065,58.289,1289.966,29.728,0.085,RETURNING
94.609,6.232,107.846,83.758,93.37,3547.456,24.088,0.123,BENDING
42.546,3.446,46.342,39.435,42.029,410.174,6.907,0.056,STRAIGHT
66.135,9.449,75.261,58.194,68.719,1502.007,17.066,0.071,RETURNING
34.169,5.21,36.63,30.625,35.154,458.017,6.005,0.098,RETURNING
98.315,9.199,116.765,87.126,97.078,2447.403,29.639,0.148,BENDING
79.471,18.299,98.703,47.345,81.99,2647.833,51.358,0.153,BENDING
61.498,6.677,76.845,51.67,61.51,1298.393,25.175,0.151,BENDING
80.07,8.489,99.721,65.584,82.159,1505.826,34.138,0.188,BENDING
77.755,10.227,94.541,61.984,76.708,1333.493,32.557,0.139,BENDING
40.896,6.419,54.616,34.462,41.496,637.51,20.154,0.057,STRAIGHT
53.887,7.752,62.948,43.582,55.63,832.395,19.366,0.142,RETURNING
27.93,4.259,33.14,20.713,28.788,287.785,12.427,0.084,STRAIGHT
30.636,4.124,38.588,25.05,31.414,406.997,13.539,0.074,STRAIGHT
67.293,15.649,83.623,46.188,70.984,2371.745,37.435,0.195,BENDING
62.095,11.298,85.077,40.534,63.84,1148.049,44.543,0.128,RETURNING
22.809,6.318,32.766,9.989,23.961,230.128,22.778,0.055,STRAIGHT
38.832,10.869,57.43,27.152,39.39,575.431,30.277,0.131,RETURNING
49.593,5.05,59.906,43.903,50.387,568.976,16.002,0.115,RETURNING
87.106,9.874,98.045,72.047,87.538,3218.431,25.998,0.146,BENDING
84.798,8.768,99.68,73.365,84.348,3215.962,26.314,0.091,BENDING
99.033,12.379,107.178,78.984,100.06,4680.41,28.194,0.265,BENDING
36.363,6.866,44.544,25.634,36.034,358.806,18.91,0.047,STRAIGHT
39.265,10.439,57.643,25.993,40.229,689.443,31.65,0.093,RETURNING
70.555,5.784,76.635,64.494,71.314,2374.192,12.142,0.101,BENDING
49.034,12.64,73.758,38.8,48.658,820.361,34.958,0.117,RETURNING
24.981,5.12,33.404,18.116,26.422,171.958,15.287,0.081,STRAIGHT
65.47,9.098,74.623,54.666,66.722,1920.233,19.956,0.129,BENDING
60.705,10.531,83.929,40.892,60.473,1741.499,43.037,0.161,BENDING
29.025,5.764,35.971,15.952,30.163,365.469,20.019,0.072,STRAIGHT
28.188,2.812,32.37,26.529,28.89,339.058,5.841,0.059,STRAIGHT
23.61,3.635,29.883,18.406,24.628,234.868,11.476,0.064,STRAIGHT
65.602,7.809,88.554,56.992,64.723,1123.046,31.562,0.143,BENDING
48.967,10.685,65.627,36.724,51.542,890.548,28.903,0.145,RETURNING
76.36,9.851,93.977,63.323,75.193,1962.685,30.653,0.146,BENDING
51.551,4.822,54.271,45.132,52.69,824.327,9.139,0.117,RETURNING
100.558,11.716,125.01,76.843,99.791,2459.72,48.167,0.118,BENDING
68.435,12.006,90.433,52.848,69.575,1358.67,37.585,0.189,BENDING
20.301,6.236,24.994,10.56,20.708,198.928,14.433,0.073,STRAIGHT
25.431,4.846,40.432,22.663,25.151,271.525,17.769,0.057,STRAIGHT
23.432,8.443,39.196,20.547,24.615,145.117,18.649,0.055,STRAIGHT
21.098,5.064,28.748,21.017,22.155,166.35,7.731,0.088,STRAIGHT
46.055,7.406,58.284,38.62,44.983,970.714,19.663,0.129,RETURNING
35.616,8.09,56.99,24.093,36.005,292.388,32.897,0.07,STRAIGHT
15.25,5.526,19.255,12.332,16.235,71.331,6.924,0.065,STRAIGHT
28.969,5.329,40.903,24.45,29.468,311.12,16.453,0.047,STRAIGHT
75.86,13.292,92.098,52.133,74.263,1387.172,39.965,0.12,BENDING
18.207,4.751,24.046,10.526,18.823,90.861,13.52,0.081,STRAIGHT
70.661,8.274,79.08,63.404,73.47,1732.94,15.676,0.142,BENDING
36.922,7.398,52.374,33.395,37.13,459.594,18.98,0.07,STRAIGHT
57.283,14.388,74.274,34.875,57.445,1039.442,39.399,0.131,BENDING
47.173,4.687,58.732,39.259,45.987,681.062,19.473,0.121,RETURNING
27.863,3.052,32.508,24.891,28.628,314.215,7.617,0.068,STRAIGHT
36.752,9.663,67.979,24.173,37.371,449.619,43.806,0.181,RETURNING
29.359,4.878,42.125,25.424,30.021,232.514,16.701,0.058,STRAIGHT
75.728,5.728,84.511,64.434,77.147,1469.286,20.077,0.125,BENDING
55.346,10.104,59.206,39.817,54.762,1152.154,19.389,0.102,RETURNING
27.236,2.102,29.089,24.302,27.08,297.799,4.787,0.077,STRAIGHT
62.74,5.951,76.238,50.685,63.848,984.978,25.553,0.074,RETURNING
29.902,3.673,34.649,22.925,31.019,341.701,11.724,0.055,STRAIGHT
28.06,6.775,40.069,18.856,29.194,377.487,21.213,0.071,STRAIGHT
53.599,10.232,69.754,37.198,53.245,1023.123,32.556,0.116,RETURNING
25.822,5.831,41.499,19.339,25.633,288.949,22.16,0.088,STRAIGHT
59.529,5.736,69.422,52.995,58.235,1380.273,16.427,0.175,BENDING
43.079,7.306,56.49,29.617,44.088,689.707,26.874,0.097,STRAIGHT
